ID,LIMIT_BAL,SEX,EDUCATION,MARRIAGE,AGE,PAY_0,PAY_2,PAY_3,PAY_4,PAY_5,PAY_6,BILL_AMT1,BILL_AMT2,BILL_AMT3,BILL_AMT4,BILL_AMT5,BILL_AMT6,PAY_AMT1,PAY_AMT2,PAY_AMT3,PAY_AMT4,PAY_AMT5,PAY_AMT6,DEFAULT_NEXT_MONTH
4528,60000,2,2,2,27,1,2,2,2,0,0,49099,49817,50406,47771,48803,52190,1800,1710,0,1800,4200,0,1
16371,200000,2,1,1,39,-1,-1,-1,-2,-1,-1,14510,7922,0,0,506,4408,7922,0,0,506,4408,0,0
22530,210000,2,1,1,40,1,2,2,2,0,0,66635,56729,73783,58144,27617,14695,0,20012,24,33,0,223,0
6269,120000,1,2,2,29,1,2,0,0,2,2,87376,85135,86024,91380,93263,95079,0,3200,6800,3500,3500,0,1
1381,60000,2,2,1,31,0,0,0,3,2,2,47000,49236,57752,56243,55213,58700,3000,10000,0,0,4400,2200,0
25348,100000,2,1,2,26,0,0,0,0,0,2,2405,3420,4286,5302,6829,6574,1214,1080,1096,1623,0,394,0
102,380000,2,1,2,30,-2,-2,-1,0,0,0,-81,-303,32475,32891,33564,34056,223,33178,1171,1197,1250,5000,0
20057,340000,2,2,1,47,-1,-1,-1,-1,-1,-1,507,892,5221,7627,580,999,892,5269,8193,596,999,176340,0
13939,50000,2,2,2,56,0,0,0,0,0,0,48316,34161,33751,22467,19927,20352,1700,1760,898,864,900,998,0
20692,130000,1,3,2,28,0,0,0,0,0,0,132703,132258,133781,133834,132336,132614,5000,6900,7000,7000,6000,5500,0
5231,20000,1,2,2,24,0,0,0,0,0,0,19102,18054,19026,19406,18258,18694,1318,1290,670,663,740,536,0
4501,160000,2,2,2,24,0,0,0,0,0,0,52373,51839,39847,39114,39935,41269,1676,1940,1400,1451,2000,1533,1
25486,250000,2,1,2,31,0,0,0,0,0,0,67492,67875,67448,68165,68787,70111,3500,2658,3000,4000,3000,2500,0
8908,60000,2,2,2,25,0,0,0,0,0,0,53447,51734,50293,26667,26608,27665,2025,5000,2000,1000,1500,1000,0
11397,50000,2,2,2,32,1,2,0,0,0,0,49340,48297,49255,8838,9011,9872,0,3000,1000,1000,1000,1000,0
26809,50000,1,1,2,31,0,0,0,0,0,0,49139,49281,42472,44810,45699,46675,1707,1948,11746,1635,1712,4000,1
21127,360000,1,1,1,38,-1,-1,-1,-1,-1,-2,475,-25,4993,498,-2,-2,0,5018,505,0,0,553,0
22996,310000,2,1,2,35,0,0,0,0,0,0,192454,196708,189210,181491,176661,173532,9088,7044,9072,11210,6116,5362,0
15634,180000,2,2,2,27,0,0,0,0,0,0,53490,54552,56300,56831,57958,59330,1952,2627,2063,2072,2303,2500,0
14731,70000,2,3,2,22,0,0,0,0,0,0,52899,45758,37858,29660,29519,29457,1726,3028,1026,1195,1060,1031,0
19437,160000,2,2,1,38,0,0,0,-1,-1,-1,73902,119408,134243,12670,6349,10775,50000,20000,30037,6349,11000,4000,0
22947,210000,2,2,2,44,0,0,0,0,0,0,308361,314507,320167,327871,34285,30900,9408,10300,11642,1602,1500,0,1
6969,50000,1,2,2,25,0,0,2,0,0,0,6302,7993,8506,8716,8926,9128,1800,800,500,500,500,400,1
19714,290000,2,1,2,27,-2,-2,-2,-2,-2,-2,-4,-4,853,0,71,-73,0,857,0,71,0,14688,0
22986,230000,2,2,2,40,0,0,-1,-1,-1,-1,164208,161207,1665,1228,8599,3890,7105,1762,1228,8599,3890,6999,0
23754,150000,2,3,1,65,-2,-2,-2,-2,-2,-2,0,0,500,0,0,0,0,500,0,0,0,0,0
12604,100000,1,1,1,46,2,0,0,0,0,0,98482,89958,78533,75568,63637,50711,3517,2700,19782,2063,3000,1400,1
8252,30000,2,2,1,35,0,0,0,0,0,2,22206,23846,24554,25213,27638,27042,2000,1409,1068,3000,0,3450,0
7753,120000,1,3,2,44,4,3,2,0,0,0,149229,138487,127516,124530,120937,67711,0,0,6000,5067,1548,120862,1
23985,110000,1,2,2,25,0,-1,0,0,-1,-1,54165,88490,99595,99055,30328,24564,88490,30000,40000,30328,24564,42000,0
6731,280000,2,1,2,39,-2,-2,-2,-2,-2,-2,1863,869,262,1203,4,320,872,262,1203,150,470,1000,0
1330,20000,2,2,1,49,0,0,-1,-1,0,0,13882,13342,808,18910,19306,19809,2018,404,19000,677,800,601,0
9597,30000,1,2,2,41,-1,0,0,0,3,2,9736,10453,11771,13032,12538,12187,1182,1500,1761,0,0,1100,0
4182,150000,2,1,2,33,0,-1,-1,-1,-1,-1,74033,237,1420,1141,1067,1128,237,1426,1141,1067,1200,1150,0
15879,80000,2,3,1,28,0,0,0,0,0,0,63900,65343,66171,58683,43421,44267,3000,2470,2228,1516,2000,1556,1
22990,30000,2,3,1,44,0,0,0,0,0,0,29263,27516,28133,28780,28756,29566,1441,1597,1634,1000,1124,1223,0
8919,200000,1,3,2,30,0,0,0,0,0,0,111053,112269,76726,72487,74108,67036,5020,4005,2800,3300,3000,2700,0
26520,30000,2,1,1,52,-1,2,-1,2,-1,0,4743,390,1000,543,18127,23563,390,1000,3,20077,10000,1854,0
1582,20000,1,3,3,47,0,0,0,0,0,0,18768,18795,19390,19464,18126,18827,1400,1400,1000,700,1600,0,0
19288,270000,2,2,2,35,-1,-1,-1,-1,-2,-2,1636,37,2845,-1000,-1000,-1000,37,3000,1000,0,0,0,0
15093,200000,1,4,1,35,-2,-2,-2,-1,0,0,3000,5752,5028,13784,14482,11836,5752,5028,13800,2900,3100,305,0
15494,160000,1,2,1,35,0,0,0,-2,-2,-2,160303,164150,0,0,0,0,8000,0,0,0,0,0,0
1866,50000,2,2,2,23,0,0,-1,2,0,0,21998,15299,32514,26479,27396,27789,2063,33730,0,1500,1000,1019,0
3388,500000,1,1,1,37,-1,-1,-1,-1,-1,-1,1961,1188,-150,150,6805,0,1188,0,300,6805,0,0,0
10990,110000,2,2,1,28,1,2,0,0,0,0,106932,103381,75794,76947,79105,72344,27,4000,3000,3000,10000,3000,0
19480,50000,2,3,2,35,0,0,-1,0,-1,0,54731,51080,45536,38745,37395,19247,1730,52014,1200,19959,1402,811,0
23046,90000,2,2,1,36,1,-1,-1,-1,-1,-1,0,950,628,284,1055,2607,950,628,284,1055,2607,0,0
16929,50000,1,1,2,50,0,0,0,-1,-1,-1,47155,23882,10054,3122,8471,6315,2000,4038,3129,8471,12508,19216,0
3427,360000,2,1,1,46,0,-1,0,0,0,0,42094,10594,31532,46342,56571,65268,10600,30000,20000,15000,10000,10000,0
10062,50000,2,3,1,61,0,0,0,2,0,0,38158,35961,37417,24663,24655,26088,2220,2943,0,887,2000,716,0
27618,30000,2,2,2,22,1,2,0,0,0,0,16549,17085,17003,7150,6508,8459,1500,1396,2000,178,2000,2000,0
10337,20000,1,2,2,57,0,0,0,0,0,0,20104,19887,19486,19501,19274,19703,3000,1500,1600,900,900,600,0
20366,50000,1,1,2,23,0,0,0,0,0,0,34376,35300,32106,32994,18220,18755,1806,1612,1500,652,828,957,0
24752,330000,1,1,1,38,-1,-1,-1,-1,-1,-1,1051,671,291,1051,1011,1051,671,291,1051,1011,1051,821,0
8064,360000,1,3,2,41,2,-1,0,0,0,0,218,7022,9744,89215,98256,99145,7022,3001,80000,10500,5000,10000,0
372,160000,1,1,2,30,-1,-1,-1,-1,-1,-1,99,2977,15086,8578,13028,21712,2977,15086,9123,13028,29712,50000,0
27833,300000,2,2,2,26,0,0,0,0,0,0,212323,216844,220004,18715,18675,18693,8420,7117,1285,702,810,542,0
23420,150000,2,2,1,32,1,-1,0,0,0,0,-1474,137049,145900,146168,149712,-288,140916,10000,3119,3744,0,57916,0
13707,50000,2,2,2,24,0,0,0,0,0,0,45404,38383,39851,27258,27679,28619,1700,2156,1200,1010,1400,970,0
21562,30000,2,2,1,23,2,0,0,0,0,0,27997,26049,27222,27729,28437,25336,1800,1900,1330,1038,1128,5000,0
22777,260000,2,1,2,29,0,0,0,0,0,0,267336,264929,234214,169096,117873,79782,11000,9800,6000,4088,3000,3000,1
19005,360000,2,2,2,30,0,0,-1,-1,-1,-1,82195,99961,7968,1816,5549,1234,20500,8007,1825,5563,1240,0,0
23151,200000,2,2,1,32,-2,-2,-2,-2,-2,-2,899,-1,-1,228,1374,380,0,0,229,1380,381,3880,0
27152,200000,1,1,1,36,1,-2,-2,-1,0,-1,-95,-95,-95,5,1005,21,0,0,100,1000,500,0,0
6982,80000,2,2,1,38,-1,-1,-1,-1,-1,-1,1894,316,316,514,316,1605,316,316,514,316,1605,316,1
21181,180000,1,1,1,46,0,0,0,0,0,0,178517,130975,135592,107315,56274,57608,5000,7000,5200,2000,2060,2000,0
18414,30000,2,5,2,22,0,0,0,0,0,0,13738,10455,19869,26173,26848,27266,4000,10001,7000,1107,1000,1010,0
16160,110000,2,2,2,39,0,0,0,0,0,0,111533,110367,112974,108390,107180,107309,5500,5900,5500,5000,5000,4300,0
28851,400000,2,4,1,37,-2,-2,-2,-2,-2,-2,14889,929,1191,11930,11286,5766,929,1191,11930,11286,5766,16520,0
29076,400000,2,1,1,55,-1,-1,-1,-1,0,0,153951,193159,72201,199209,179290,9780,193358,72356,199209,411,0,126743,0
25398,340000,2,1,2,26,1,2,2,2,2,0,17211,19262,20012,19728,19042,11728,2637,1353,531,14,235,1400,0
22368,200000,2,1,1,32,0,0,-1,-1,-2,-2,12367,13732,1513,0,0,0,2000,1513,0,0,0,0,0
27993,270000,2,2,2,29,-1,-1,-1,-1,0,0,88996,17142,18118,147189,170268,170268,17142,18118,147500,60000,15000,58354,0
15648,200000,2,2,2,34,0,0,0,-2,-2,-2,19252,10000,0,0,0,0,1000,0,0,0,0,0,0
5197,50000,2,1,2,25,0,0,0,0,-1,0,16762,19126,13918,8239,6376,10077,4029,4031,3000,6376,5000,0,0
28177,50000,2,2,1,31,2,0,0,0,0,0,44105,33089,22829,13216,16100,16696,2000,2506,3000,3000,1070,5203,0
16338,500000,2,1,2,39,-1,-1,-2,-1,0,0,51,-8,-8,10362,21905,23717,0,0,10370,15000,10000,4311,1
4771,200000,2,2,2,31,1,-2,-2,-1,-1,-2,0,0,0,1500,0,0,0,0,1500,0,0,0,0
4824,270000,2,1,1,57,-2,-2,-2,-2,-2,-2,13559,736,316,5116,15884,10606,736,316,5116,15884,10606,1420,0
22498,440000,2,2,1,46,0,0,0,0,0,0,177425,180641,181557,149944,113135,105280,7700,8610,6907,3727,3800,4001,0
12272,280000,2,1,2,32,-1,-1,-1,0,-1,-1,13532,3312,14907,3008,8988,11547,23871,14907,0,8988,11547,19826,0
21210,250000,1,2,2,38,-1,-1,-1,-1,-1,-1,2395,29636,23850,8220,0,8420,29658,23938,8220,0,8420,0,0
20965,220000,1,2,1,47,-1,-1,-1,-1,-1,-1,3489,6246,29390,8460,19000,13550,6261,29390,8489,19000,13550,2969,0
18347,20000,2,2,2,22,1,2,0,0,0,3,15712,15162,16188,17212,19363,18771,0,1276,1300,2443,0,0,0
18553,160000,2,1,2,27,-2,-2,-2,-2,-2,-2,717,3265,5105,3326,5482,2698,3269,5109,3328,5494,2864,2367,1
4473,130000,1,3,3,52,0,0,0,0,0,0,106140,69025,58860,45207,41556,42455,3003,2000,2000,2000,1590,2000,1
6669,50000,1,3,1,51,0,0,0,0,0,0,42257,44243,64104,33406,34104,34869,3000,2500,1985,1163,1256,1316,0
28299,30000,2,2,2,31,0,0,0,0,0,0,28651,28716,26570,26829,26839,27449,1800,2000,1600,1000,1000,1000,0
17473,80000,2,2,2,29,0,0,0,0,0,0,24822,25824,26605,27920,28358,29000,1720,1500,1762,1200,1250,3200,0
2809,500000,1,1,1,46,0,0,0,0,0,-1,53049,66623,70194,68618,67300,1825,16018,10000,4,333,1831,597,0
23804,130000,2,3,1,49,0,0,0,0,0,0,108711,107996,87817,47175,48126,49234,6000,4542,2200,2000,2000,2000,0
23192,230000,2,2,2,41,-2,-2,-2,-2,-2,-2,24477,23722,4791,3516,7475,5352,23722,4791,3516,7475,5352,2120,0
2284,70000,2,1,2,29,0,0,2,2,0,0,47310,51047,51727,50594,51823,54093,4500,1813,0,2046,3300,900,0
18029,20000,1,3,2,31,0,0,0,0,0,0,7222,13627,11974,11467,10469,9380,10009,2004,5013,3010,3690,4384,0
7745,50000,2,1,2,24,0,0,0,0,0,0,50537,44686,38493,33769,34211,34944,2554,1900,1355,1300,1300,1500,0
29552,70000,1,1,2,29,1,-1,-1,0,-1,2,10449,2343,14336,13155,3929,1953,6000,15000,4000,4000,0,1000,0
19575,190000,2,3,1,43,0,0,0,0,0,0,93359,95376,98954,101512,106708,109639,3404,4954,4512,6708,4639,4793,0
2144,20000,1,3,1,41,2,0,0,0,0,0,18738,18986,20110,19584,16539,19466,1376,1500,593,2701,4261,941,1
9366,50000,1,2,2,33,0,0,0,0,0,2,24060,17474,18297,20114,13235,12482,1400,1183,2000,1200,0,610,0
26799,230000,1,1,2,27,0,0,0,0,0,0,8786,9865,10644,12414,15982,13324,2500,2000,2000,4000,2300,3000,0
21468,230000,2,1,2,26,0,0,0,0,0,0,166511,159766,142435,136502,122572,110839,6722,6500,6020,4056,4000,4500,0
12109,280000,2,1,2,29,-1,-1,-1,-1,-1,-1,3009,3437,4132,2693,659,3277,3454,4170,2703,659,3297,423,0
2356,90000,1,2,2,25,0,-1,-1,0,-1,-1,2908,1051,2422,1051,1051,83573,1052,2422,0,1051,83573,3098,0
19719,150000,2,1,1,28,0,-1,-1,-1,-1,-1,58322,36865,32311,12791,390,1508,36865,32311,12956,390,1508,2224,0
6420,30000,2,2,2,27,0,0,2,0,0,0,28392,31439,30394,29994,29834,15960,3500,0,0,0,0,0,0
7428,150000,1,1,2,32,0,0,2,2,2,0,52582,57496,55705,57210,57084,13194,6395,0,2100,222,1000,650,1
21409,60000,2,3,1,34,0,0,0,0,0,0,53748,41668,29306,27800,27552,29545,1778,2000,1748,1500,2600,1000,0
22126,230000,2,1,2,27,-1,-1,-1,-1,-1,-2,17077,22420,57255,34289,0,0,22437,57326,34311,0,0,0,1
19948,80000,2,3,1,44,2,0,-1,-1,-1,0,31023,30390,390,390,780,780,1000,390,390,780,0,0,0
9638,20000,2,2,2,22,0,0,2,0,0,0,5473,7492,4988,11680,6590,0,2300,0,102,1500,0,0,0
5172,70000,1,3,1,46,2,2,2,2,2,2,29258,31137,32855,33316,34137,33439,2352,2531,1300,1500,0,1400,1
3942,410000,2,1,2,34,1,-1,-1,-2,-2,-1,0,13621,0,0,0,666,13621,0,0,0,666,0,1
233,50000,1,2,1,26,0,0,-2,-1,-1,0,102800,0,0,2624,45567,46557,0,0,2624,45567,1747,2000,0
20026,70000,2,2,2,30,-1,0,0,0,0,0,2429,3878,4957,6209,6338,6587,1500,1300,1500,380,500,500,1
25903,440000,2,1,2,33,-1,-1,-1,-1,-1,-1,304,301,850,10799,746,600,301,850,10819,746,600,4238,0
6034,350000,2,2,1,35,-2,-2,-1,-1,-2,-2,83379,26305,26858,40098,10855,-2,26436,26921,40098,10855,2,0,0
17557,50000,2,2,2,42,0,0,0,0,0,0,48080,48062,48667,49311,24663,24854,1763,2112,1756,324,336,351,0
18188,130000,1,2,1,37,-1,-1,-1,-1,-1,-1,923,1632,545,1262,1019,530,1632,545,1262,1019,530,1518,0
8460,50000,2,1,2,23,0,0,0,0,0,-1,49061,47209,47471,21571,19005,772,2138,1400,431,380,772,8,1
14387,280000,2,2,2,31,-2,-2,-2,-2,-2,-2,2419,10499,16243,0,0,0,10517,16494,0,0,0,0,0
25785,80000,2,2,1,31,0,0,0,0,0,0,115293,75861,32282,32869,31988,48431,2006,2000,1520,888,16696,1700,0
11073,80000,1,2,2,27,2,0,0,0,0,3,56789,58276,60102,61423,72197,71003,2400,3000,2500,11576,39,38,1
20669,60000,1,2,1,30,1,2,2,2,2,0,46138,44832,47830,48458,47176,47461,0,4000,2000,0,2000,1700,1
8756,190000,1,1,1,39,1,-2,-2,-2,-2,-2,-2,-2,-472,-472,-472,-472,0,0,0,0,0,0,1
28534,120000,2,2,1,31,1,2,2,2,0,0,21134,20502,24832,24135,28723,31258,0,5000,0,5000,3000,0,1
25128,50000,1,3,1,50,-1,-1,-1,-1,-1,-1,7056,2840,1413,2890,4715,1262,2840,1413,2890,4715,1262,5483,0
6916,20000,2,2,2,25,-2,-2,-2,-2,-2,-2,7666,6664,6598,6632,6666,6666,6664,6600,6700,6700,6666,6982,0
29829,80000,1,2,2,37,0,0,0,2,2,2,47765,49651,53850,52388,55589,54570,3000,5000,0,4078,0,2500,1
29338,310000,1,2,2,26,-2,-2,-2,-2,-2,-2,2154,359,256,2513,795,250,360,257,2537,798,251,2064,0
28219,20000,2,2,2,47,0,0,0,-1,-1,-2,20151,19419,19864,4723,0,0,2000,2013,4731,0,0,0,0
3919,180000,2,3,1,43,-1,-1,0,0,0,0,1207,60267,61424,61039,64260,64618,60267,3000,2154,5000,3000,3000,1
866,30000,2,2,1,46,0,0,0,0,0,0,28234,28874,29437,27738,27268,27409,1484,1436,1120,995,989,800,0
23135,210000,2,3,1,41,0,0,-1,-1,-2,-2,59071,58830,364,-649,-649,-649,2000,17864,569,0,0,1000,0
10000,230000,1,2,1,36,0,0,0,0,0,0,19505,20715,19750,19506,19255,17479,3000,3000,3000,3000,3000,3000,0
22308,300000,2,3,1,27,-1,-1,-1,-1,-1,-1,1890,1570,390,390,390,390,1570,390,390,390,390,1890,0
10566,60000,2,2,2,24,-1,0,0,0,0,0,57147,58104,58311,58828,58945,57918,3000,3000,2500,2100,4000,2100,0
20751,230000,1,2,1,36,-2,-2,-2,-1,0,-1,0,0,2800,346,346,999,0,2800,346,0,999,0,0
779,50000,2,1,1,32,2,0,0,-1,0,-1,47858,49223,42589,639,4639,2312,2500,3000,7000,4000,2413,2000,1
24048,50000,1,2,2,25,0,0,0,0,0,0,49899,35200,29447,19980,10400,0,1679,2438,1700,1000,0,0,0
15493,80000,1,3,1,41,0,0,0,0,0,0,90894,93167,81146,80674,63110,40376,4000,3200,2606,2431,1779,1000,1
18973,100000,2,1,2,28,3,2,0,0,2,0,49961,48856,49899,53407,51951,53195,0,1831,4339,0,2083,1939,0
6308,150000,1,1,1,49,-2,-2,-2,-2,-2,-2,15472,14860,19601,13262,14329,34193,14877,19608,13280,14329,34193,7880,0
27100,130000,1,2,1,38,0,0,0,0,0,0,61105,61386,62681,64743,45288,48449,3000,4000,5000,3000,5000,2000,0
9833,100000,1,3,1,67,2,2,2,2,2,2,16918,20511,19944,22915,23472,23016,4145,0,3260,1000,0,2286,1
13303,300000,2,1,1,33,-1,-1,-1,-1,0,-1,356,1313,5273,4345,1106,1322,1320,5273,4598,0,2620,5956,0
9525,100000,1,2,1,52,0,0,0,0,0,0,21641,22983,24290,25080,25768,27407,2000,2000,1500,1093,2228,0,0
1307,70000,2,1,2,23,-1,-1,-1,-1,-1,-1,853,3128,4719,100,1610,690,3128,4722,0,1610,0,10909,0
21981,270000,2,2,1,27,1,2,0,0,0,0,253072,247521,253024,258109,243331,247504,0,11000,11000,8900,9000,9200,0
3948,170000,1,3,1,44,1,-2,-2,-2,-2,-2,0,0,0,0,0,0,0,0,0,0,0,0,0
9606,110000,2,3,2,45,0,0,0,0,0,0,9242,9484,13922,18766,28498,30667,5000,5000,5000,10000,5000,5000,0
11415,100000,2,1,2,24,-1,-1,2,-1,-1,2,7576,15532,7626,11896,15520,7156,15532,0,11896,11008,0,23164,0
28634,60000,2,2,1,35,2,0,0,2,2,2,49825,45436,42240,38884,34488,28838,1700,2500,2600,1500,0,1500,1
733,120000,1,1,2,34,1,2,-1,-1,-2,-2,1278,639,621,-18,-18,-18,0,621,0,0,0,0,0
8443,100000,2,3,1,40,0,0,0,0,0,0,97763,93834,86360,77594,78030,78506,4500,3000,3000,3000,3000,3000,0
5198,50000,2,2,1,42,0,0,0,0,0,0,47971,47627,47750,48194,48111,48664,2087,2100,1900,1900,1900,1900,0
13017,240000,2,1,2,30,-1,-1,-1,-1,-1,-1,498,-2,20517,0,11423,0,0,20519,0,11423,0,0,0
2611,340000,2,2,2,39,0,0,0,0,0,0,66623,61474,57160,58794,61231,62516,2500,2500,2500,3300,2200,3000,0
10144,60000,2,2,1,36,0,0,0,0,-1,0,57262,27275,22095,14293,12217,16170,5816,1000,5000,12217,8000,1100,0
24052,110000,1,3,1,27,0,0,0,0,0,-2,108435,109572,45907,5130,2889,78834,3509,1102,1014,2889,82718,3100,0
29940,100000,1,3,1,37,0,0,0,0,0,-1,31647,32935,32689,17246,3175,35311,2129,1686,1043,409,62380,945,0
19509,110000,2,2,2,32,0,0,0,0,0,0,68014,68788,70880,72403,73600,75261,2500,3200,3300,3000,3000,2746,0
8292,50000,2,2,2,28,0,0,0,0,0,0,48370,39618,27417,25542,26160,26686,1468,1400,900,1000,1000,600,0
3554,40000,2,1,2,27,0,0,-1,-1,0,0,32228,38904,4235,87230,72647,65070,8040,4235,87230,3000,10000,4317,0
7321,240000,2,2,2,42,-1,-1,-1,-1,-1,-1,3328,164327,10690,4772,1294,2147,164820,11728,7738,1297,2153,2073,0
18073,10000,1,2,2,29,1,2,2,2,2,0,8393,9069,8019,5819,5626,5621,1000,2000,1000,0,2000,1000,0
12561,200000,2,3,2,25,-1,-1,-1,0,-1,-1,1676,3122,2991,390,1211,390,4595,2991,0,1211,390,1112,0
14557,180000,1,2,2,29,0,0,0,0,0,0,175773,179866,173007,168743,172275,176861,6059,5653,6488,5138,6313,4754,0
28895,290000,2,2,1,41,0,0,2,0,0,0,4783,7239,6957,4954,7221,6988,2552,0,1000,5000,2500,3659,0
27139,240000,1,2,1,48,0,0,0,0,0,0,236767,236769,238769,235603,233374,230897,8622,8922,8519,8499,8418,8420,0
21014,130000,1,3,2,38,2,2,0,0,0,0,114726,107602,106907,94152,96365,97413,20,4544,3200,3500,3585,2519,1
16099,70000,2,2,1,46,2,2,2,2,2,2,24036,25035,25930,26206,26477,27404,1700,1600,1000,1000,1500,0,1
29332,100000,1,1,2,26,-1,-1,-1,-1,-1,-1,1872,4490,4056,10782,3187,18515,4503,4066,10900,3196,18543,3215,0
6758,30000,1,2,2,24,0,0,0,-1,-1,2,25063,22275,0,517,25420,24863,1545,0,1517,25420,0,980,0
6095,80000,2,1,2,26,-1,-1,-1,0,-1,-1,666,666,1332,666,666,416,666,1332,0,666,416,416,1
17820,20000,1,2,2,25,0,0,0,-2,-2,-2,17584,20000,0,0,0,0,3000,0,0,0,0,0,0
940,200000,2,2,1,32,-1,-1,-1,-1,-1,-1,5150,10190,10190,10190,10594,11193,10190,10190,10190,10594,11193,10190,0
11379,180000,1,2,2,25,0,0,0,0,0,-1,4236,5230,6570,7192,6437,12499,2001,2000,1018,6154,12527,5016,0
263,160000,2,1,1,38,-1,-1,-1,-1,2,-1,4473,4664,5969,18941,16578,12652,4664,5969,18941,0,12652,1916,0
13236,50000,2,2,1,55,0,0,2,0,0,0,37984,41234,37701,28181,28711,29368,3900,0,1300,1100,1100,1000,1
27806,80000,2,2,2,25,0,0,0,0,0,0,34984,37853,36230,37235,38575,39590,3015,1155,1940,1500,1174,1300,0
3587,110000,2,1,1,31,1,-2,-1,-1,0,0,0,0,638,225,225,0,0,638,225,0,0,0,0
11958,230000,2,3,1,48,-1,-1,0,0,-2,-1,500,14883,33151,0,0,469,14883,20757,0,0,469,716,0
15998,50000,2,2,2,24,-2,-2,-1,2,2,0,0,0,37111,37516,36614,37537,0,37111,1307,0,1509,1388,0
14997,140000,2,2,2,29,0,0,0,0,0,0,116597,55208,47397,45860,46264,41870,3018,3000,1356,2000,2000,1500,0
21186,70000,1,3,1,30,0,0,0,2,0,0,67730,67021,67328,60962,61146,56066,3000,6006,0,1900,2000,2000,0
12466,210000,1,3,1,44,1,2,2,-2,-2,-2,19131,18447,0,0,0,0,0,0,0,0,0,0,1
14384,50000,2,2,2,22,-2,-2,-2,-2,-1,0,64498,58261,401,43091,29842,30601,349,595,54061,32384,1234,1500,0
22818,170000,2,1,1,36,-2,-2,-2,-2,-2,-2,7346,26797,3824,22709,0,0,27183,3824,22865,0,0,3809,0
10840,360000,2,2,2,34,0,0,0,0,0,0,277569,246380,236139,241056,246297,246072,10500,8500,8750,9200,9800,8700,0
27767,50000,2,1,2,25,1,-2,-2,-2,-2,-2,0,0,0,0,0,0,0,0,0,0,0,0,1
8200,240000,1,1,2,29,0,0,0,0,0,-1,61888,12310,12073,9643,-8074,108493,5022,4014,113,6423,120000,15000,0
4035,20000,1,2,1,50,0,0,0,0,2,0,6620,7556,8570,10020,9715,10153,1200,1300,1600,0,600,600,0
21319,660000,1,1,2,55,-1,0,0,0,0,-2,284334,288120,325889,342408,19903,20843,6486,38507,20000,2000,1000,345,0
2517,50000,2,2,1,33,0,0,0,0,0,0,47327,48765,49149,44073,40260,30222,2200,1518,1414,1432,1300,1102,0
18908,290000,2,2,1,28,0,0,0,-1,-1,-2,24257,8723,6282,2440,0,0,2026,3814,2452,0,0,0,0
9824,50000,2,3,1,48,-1,-1,-1,-1,-1,-1,390,390,390,390,390,390,390,390,390,390,390,0,1
26054,520000,2,1,1,43,0,0,0,0,0,0,146124,145785,147972,157115,196804,21550,6024,18069,30000,46805,21550,1287,0
751,50000,2,2,1,26,1,-2,-1,0,0,0,0,0,1756,2719,4049,5176,0,1756,1000,1537,1200,2000,0
6825,30000,2,1,2,23,0,0,0,0,0,0,29292,28809,30005,30452,29197,29381,1804,2000,1200,1600,1211,1165,0
235,60000,2,2,1,33,0,0,0,0,0,0,58203,36367,20934,20694,20175,19421,1506,1298,1000,721,811,599,0
26130,300000,2,1,2,48,-2,-2,-2,-2,-2,-2,0,0,0,0,0,0,0,0,0,0,0,0,0
457,130000,1,3,2,39,1,2,2,2,2,2,71034,69329,74175,72383,77217,75820,0,6000,0,6000,0,6000,0
22122,170000,2,2,2,29,-1,-1,-1,-1,-1,-1,1333,1359,886,1042,1577,1574,1359,886,1051,1577,1574,287,0
3369,90000,2,2,2,41,-1,0,0,0,0,0,48276,47820,46602,47141,16114,15825,2281,1219,1164,556,595,480,0
13835,130000,1,3,1,44,0,0,0,0,0,0,123770,122189,118909,84865,86846,88069,4600,4871,3500,3500,3500,3100,0
13368,160000,1,1,1,36,0,0,0,0,-1,-1,67879,36865,47986,0,15655,0,2500,15000,0,15655,0,1674,0
418,50000,2,1,2,30,0,0,0,0,0,2,14811,16262,17286,17895,19450,18990,2000,1600,1200,2000,0,1000,0
16015,100000,2,2,2,29,-1,-1,-1,-2,-2,-2,600,600,0,0,0,0,600,0,0,0,0,0,0
25711,360000,2,1,2,35,-2,-2,-2,-2,-2,-2,-3,-3,-3,-3,-3,597,0,0,0,0,600,590,0
414,230000,2,2,2,27,1,2,0,0,0,0,13668,12647,13135,10596,9218,5068,0,1064,423,313,1000,4641,1
28973,50000,2,2,1,34,0,0,-1,-1,-1,-1,2435,0,197,2995,19515,0,0,197,2995,19515,0,3734,0
28617,50000,2,2,1,41,0,0,0,0,0,0,9172,10184,11204,12214,12458,12719,1172,1192,1202,446,462,464,0
21929,120000,2,1,2,29,0,0,0,0,0,0,3706,101833,103108,100953,83739,51424,100000,5369,4014,1000,1000,1000,0
23504,320000,2,2,1,33,0,0,0,0,0,0,324160,295866,226752,222278,224190,226836,10067,11000,5000,4519,2646,21457,0
2396,110000,2,3,1,27,0,0,0,0,0,0,61152,60833,61245,47316,47175,47141,2326,3000,1807,1698,1911,1808,0
451,380000,1,1,1,51,1,-2,-2,-2,-2,-2,0,0,0,0,0,0,0,0,0,0,0,0,1
5979,90000,2,2,1,45,-1,-1,-1,-1,-2,-2,37453,9009,179,0,0,0,24509,179,0,0,0,0,0
7772,220000,1,2,2,30,-2,-2,-2,-2,-2,-2,18301,20161,24621,17125,18378,1344,2026,10040,1000,1253,1350,4416,0
10290,50000,1,1,2,26,0,0,0,0,0,0,28408,29117,28764,28390,29443,29041,1477,1444,1100,1500,1100,967,0
12462,210000,2,3,1,27,1,-2,-1,-1,-2,-2,0,0,1008,0,0,0,0,1008,0,0,0,1114,0
7511,380000,2,3,2,31,-1,-1,-1,-1,-1,-1,3859,9194,15157,11147,12483,13680,9240,15233,11202,12493,13748,18061,0
29960,290000,1,1,2,32,-1,-1,-1,-1,-1,0,23234,1571,108157,35379,18711,3110,1575,108168,35811,18711,0,157,0
13316,240000,2,2,1,40,-2,-2,-2,-2,-2,-2,0,0,0,0,0,1306,0,0,0,0,1306,0,1
2986,120000,1,2,2,27,0,0,0,0,0,0,33474,29029,26523,20554,19348,17439,1789,2037,659,802,640,513,0
4104,90000,2,2,2,26,0,0,0,0,0,0,11181,11237,9442,5318,11928,15558,3194,8823,0,7000,6660,10000,0
7046,20000,2,1,2,26,-1,-1,-1,-1,-1,0,11030,5331,20985,6932,37345,28798,5331,20985,6932,37845,2000,11200,0
21376,760000,1,3,1,54,0,0,0,0,0,0,447670,455970,462497,469931,474421,480598,20011,19500,19019,18003,20000,22000,0
21963,150000,2,1,2,27,-2,-2,-2,-1,0,0,-3706,-6108,32662,59350,41136,28596,3449,46128,60260,30218,17000,20133,0
3684,50000,1,2,2,32,0,0,0,0,-2,-2,50342,44659,40893,-45,-45,0,8025,5023,0,0,5250,0,0
22957,140000,2,1,2,25,0,0,0,0,0,0,52196,16982,20199,20746,2260,4180,2000,5000,1000,1260,3000,439,0
28427,50000,2,1,2,30,1,2,2,2,2,2,41934,43041,44048,44824,46469,47579,2100,2000,1800,2700,2000,1700,0
19110,260000,2,1,1,30,0,0,0,0,0,0,25661,30196,69429,167640,169446,172989,5000,40000,100000,5720,5922,5958,0
3186,30000,1,1,2,28,-1,2,2,0,0,0,1190,2107,1098,1098,1248,982,1098,0,0,982,150,0,1
13197,20000,1,3,2,52,2,0,0,0,0,0,14038,13568,14630,27408,13984,0,1338,1400,274,560,0,0,1
20004,400000,2,1,1,37,-1,0,-1,0,0,0,10677,31405,26717,25434,6973,9899,31008,26862,3000,2000,3000,0,0
4742,210000,1,2,1,43,0,0,0,0,0,0,47025,45456,44048,15398,8657,3180,2300,1326,400,230,100,112136,0
13369,10000,1,2,2,35,0,0,0,0,0,0,8857,8661,9055,9665,9297,5555,2300,1000,1000,1000,2000,3094,0
4000,170000,1,2,2,39,-1,-1,-1,0,-1,2,2429,8054,4380,316,6131,5612,8077,4380,0,6131,0,3000,1
24110,100000,1,1,2,27,-1,-1,-1,2,-1,0,194,678,1032,516,998,482,1000,1032,0,998,0,800,1
17501,30000,2,2,2,42,-1,-1,2,-1,-1,-1,836,1672,836,390,390,390,1672,0,390,390,390,0,0
18776,140000,2,1,2,29,0,0,0,0,0,0,58971,18772,20354,23409,26440,28507,7062,2354,3409,3440,2507,4572,0
26122,380000,2,1,1,36,-2,-1,-1,-1,-1,2,3744,20334,8499,53235,101439,34579,20498,8549,53471,101785,117,32347,1
21642,90000,2,2,1,25,2,0,0,0,0,0,90371,87525,89052,85807,68186,69011,4100,4200,3000,3000,3000,2600,1
24033,50000,1,2,2,25,0,0,2,2,4,3,28651,41897,43032,47242,46212,45205,14200,2100,5215,0,0,0,1
19497,150000,2,1,1,49,1,-2,-2,-1,-1,-1,0,0,0,12200,16961,3000,0,0,12200,16961,3000,493,0
24829,310000,1,2,1,41,-2,-2,-2,-2,-2,-2,34682,23594,-26,5333,-56,-56,23712,0,5359,0,0,0,0
12431,20000,1,2,2,24,2,2,4,4,4,4,1650,1650,1650,1650,1650,1650,0,0,0,0,0,0,1
23779,50000,2,3,2,50,1,-2,-2,-2,-2,-2,0,0,0,0,0,0,0,0,0,0,0,0,1
23487,310000,2,1,1,32,0,0,0,0,0,0,141203,84594,66624,48213,144758,601,7000,5500,4000,100000,601,360,0
1700,300000,1,1,2,31,-1,-1,-1,-1,0,-1,2166,2894,8903,12445,24650,8339,2918,8974,12457,15113,8369,3832,0
24539,200000,1,2,1,37,0,0,0,0,0,0,4757,6170,7408,8250,9250,9750,1500,1500,1000,1000,500,1500,0
20344,20000,2,2,1,58,-1,-1,-1,-1,-2,-1,17895,13576,18286,-200,0,18486,13605,19352,0,200,18486,5656,0
420,260000,2,1,2,36,1,-2,-2,-2,-2,-2,0,0,0,0,0,0,0,0,0,0,0,0,1
428,170000,2,1,2,31,-1,-1,-1,-1,0,-1,199,199,199,398,199,199,199,199,398,0,199,398,1
21077,230000,1,1,1,46,1,2,2,2,2,2,189724,193112,197039,200300,203018,199689,8000,8500,8000,7500,0,6622,1
12779,160000,2,2,2,27,1,-1,-1,-2,-2,-2,0,418,0,0,0,0,418,0,0,0,0,0,1
60,400000,2,2,1,29,0,0,0,0,0,0,400134,398857,404205,360199,356656,364089,17000,15029,30000,12000,12000,23000,0
16328,180000,2,1,1,49,-2,-2,-2,-2,-2,-2,0,0,0,0,0,0,0,0,0,0,0,0,0
26723,180000,1,1,2,26,-1,-1,-2,-1,0,0,189,-2811,-2811,126884,129020,131708,0,0,131453,4209,4350,4099,0
2130,340000,2,1,2,26,-1,0,0,0,0,-1,58363,106270,159464,155685,137838,6556,56270,59503,3330,40,6556,16390,0
25982,180000,2,3,2,45,0,0,0,2,0,0,76942,77952,80269,66855,67128,67257,4003,5603,3,2504,2511,3021,0
23786,120000,2,3,1,55,1,-2,-1,2,0,0,-150,-150,7342,7029,7172,7338,0,7492,0,143,166,16000,0
9751,170000,1,1,2,30,0,0,0,0,0,0,117010,119463,123476,124934,127918,130782,4337,6000,5000,5000,5000,4898,0
13961,120000,1,2,1,38,1,2,2,2,2,2,116344,111960,115804,92542,83581,61650,0,6781,0,5550,0,0,0
5829,50000,1,2,2,42,2,2,2,0,0,0,51614,52034,50151,20448,20464,20456,2000,39,718,800,800,800,0
13968,180000,2,2,2,34,1,2,0,0,0,0,180373,176063,175324,177197,181041,180044,0,7632,6083,6671,7515,6413,0
6043,100000,2,1,2,32,0,0,0,0,0,0,93724,96017,98111,68668,66845,67452,3800,4000,2500,2500,3000,2600,0
15562,480000,1,1,1,43,0,0,0,0,0,0,377420,389573,400693,393892,348733,331930,20000,20000,20005,15000,15000,12000,0
28936,460000,2,1,2,34,-1,-1,-1,-1,-1,-1,14460,8869,21494,12657,5739,10184,8869,23664,12659,5752,10192,7419,0
17120,300000,2,3,2,27,0,0,0,0,0,0,105786,113850,116918,119929,122914,125910,9000,4000,4000,4000,4000,4000,0
3853,50000,1,3,1,48,-1,-1,-1,-1,-1,-1,1058,1726,390,390,390,390,1726,390,390,390,390,390,1
14682,500000,2,2,2,31,0,0,0,0,0,0,43818,45021,49283,66144,75191,80619,5000,5040,17604,10000,10000,10200,0
6328,20000,2,2,2,22,2,2,2,2,0,0,5743,7487,8114,7835,8605,10948,2000,900,0,900,2500,0,1
10483,30000,2,1,1,23,0,0,0,0,0,0,26669,28080,28836,28812,29400,30000,1844,1600,576,588,600,0,1
12160,20000,1,2,1,38,1,-2,-2,-2,-2,-2,0,0,0,0,0,0,0,0,0,0,0,0,1
5793,190000,2,2,2,26,-1,-1,-1,-1,-1,-1,11613,10000,10000,10000,10000,10941,10000,10000,10000,10000,10941,79027,0
22948,270000,2,2,1,34,0,0,0,0,0,0,106600,109383,113480,114432,112124,114885,4500,5800,4300,5000,4500,4500,0
27750,100000,2,2,1,26,0,0,0,0,0,0,1962,4911,5933,6942,7102,9966,3000,1106,1115,275,3000,412,0
23362,350000,2,2,2,28,1,2,0,0,0,0,358895,346575,345088,341811,265953,93300,0,14579,13557,12000,5000,11000,1
23925,420000,1,2,1,24,0,0,0,0,0,0,392639,397332,376317,214062,164003,162836,16117,20516,7092,6019,4636,5570,0
15007,240000,2,2,1,35,-2,-2,-2,-2,-2,-2,3862,1780,0,0,0,0,1783,0,0,0,0,2500,0
25105,110000,1,2,1,49,0,0,0,0,0,0,106264,107417,108803,82231,25687,27266,4400,3600,4138,1000,2000,2000,0
15047,50000,1,3,2,47,0,0,0,0,0,0,29789,28699,29305,27595,27745,28086,1763,1759,1439,979,1164,1300,0
20934,20000,1,3,2,38,0,0,0,0,0,0,12248,15023,16773,18394,19268,14850,3000,2000,2000,2000,1003,904,0
3982,20000,1,3,2,26,-1,-1,-1,-2,-2,-2,96,780,0,0,0,0,1560,0,0,0,0,0,0
16465,80000,2,3,1,59,0,0,0,0,0,0,75662,70073,53169,50875,50372,49470,3212,2106,2000,1603,1903,2006,0
17851,120000,1,2,2,28,0,0,0,0,0,0,70124,71355,72962,58163,33358,16829,3000,2830,1600,3600,300,1000,0
14230,140000,2,2,1,30,0,0,0,0,0,0,21593,17636,17800,14869,12895,12833,2000,2000,2000,1000,1000,600,0
6073,50000,2,2,1,30,-1,-1,2,-1,2,2,416,832,416,3285,2685,2270,832,0,3285,0,190,0,1
9011,270000,1,1,1,41,-1,-1,-1,-1,-1,-1,316,316,316,571,7711,571,316,316,571,7711,571,571,0
24326,60000,1,2,2,33,0,0,0,0,0,0,32961,31379,31328,30905,30237,28461,1799,3000,1420,2000,1164,2000,0
13386,140000,2,1,1,56,0,0,0,0,0,0,138468,93802,94531,96264,98135,100062,4300,3500,3600,3881,4200,3521,0
20813,20000,1,2,2,42,1,2,0,0,2,0,11063,10594,11714,13923,13405,13683,0,1600,2726,0,643,646,1
4088,150000,1,2,2,34,0,0,0,0,0,0,135587,138473,141297,144605,148420,150500,4000,4000,4500,5000,3500,0,0
27884,110000,2,2,2,28,2,2,2,0,0,0,105014,104574,94521,88833,82585,75992,9000,10,3917,2730,2770,2800,0
13991,100000,2,1,2,47,0,0,-2,-2,-2,-2,22970,0,0,0,0,0,0,0,0,0,0,0,0
22878,200000,2,3,2,30,0,0,0,0,0,0,192743,196031,196143,189524,167163,146975,9003,7300,7108,7680,6200,5000,0
6421,200000,1,2,2,33,0,0,0,0,0,2,80012,81703,83290,85085,89707,63787,2972,2952,3107,6056,0,3000,1
2338,230000,2,3,1,45,-1,-1,-2,-1,0,-1,1633,8410,5722,10371,9998,1328,8435,5955,10371,0,1332,0,0
3936,130000,2,1,1,32,2,2,2,2,2,2,114227,115922,117545,114168,121621,124168,5000,5000,0,9500,4700,0,0
28674,190000,2,2,2,27,0,0,0,0,0,0,125739,126184,127189,122034,124837,128442,6000,6000,4000,5000,5000,7000,0
10999,30000,2,2,1,22,-1,-1,-2,-1,0,0,4476,5814,5254,15570,10117,1875,5841,5280,15587,325,0,1400,1
9444,150000,1,1,2,31,-1,-1,-1,-1,0,0,3084,-1,600,4102,4102,6121,0,601,4102,0,2019,5515,0
2634,50000,1,2,1,30,1,2,2,0,0,0,49371,50092,49029,25313,26006,27217,1800,240,1000,1100,1800,1500,1
17381,630000,2,1,1,31,0,0,0,0,0,0,447263,458762,470298,480587,385587,373910,20000,20000,20000,15000,15000,15000,0
11808,200000,2,1,2,32,-1,-1,-1,-1,-1,-1,326,6914,2343,23834,11000,1315,6914,2343,23834,11000,1315,1934,1
18725,20000,2,2,1,28,-1,-1,0,0,0,0,1424,10094,15018,15991,18442,18827,10094,10000,1549,3000,790,1000,0
24273,360000,1,1,2,28,-2,-2,-2,-2,-1,-1,2988,2766,2766,2766,3373,5042,2766,2766,2766,3373,5042,1000,0
1102,30000,2,2,2,24,0,0,2,2,2,0,24238,26996,26269,27734,27151,28199,3462,0,2200,0,1500,1500,1
27937,80000,2,2,1,27,-1,-1,-1,-1,-1,-1,2805,1995,0,680,2862,5539,1995,0,680,2862,5539,0,0
7489,80000,1,2,2,27,0,0,0,0,0,0,78406,52520,27543,51180,27017,28560,1500,3024,1200,2000,2000,1000,0
29419,10000,1,2,1,30,3,2,2,3,3,3,1050,1050,1050,1050,1050,1050,0,0,0,0,0,0,1
18087,360000,1,3,1,36,-2,-2,-2,-2,-2,-2,222,1256,-9,1840,0,0,1256,0,1849,0,0,0,1
12649,160000,2,2,1,40,1,-2,-2,-2,-2,-2,0,0,0,0,0,0,0,0,0,0,0,0,0
29754,200000,1,1,2,37,-2,-2,-2,-2,-2,-2,4279,3774,706,5177,3792,12035,3856,706,5192,3808,12035,33436,0
13953,180000,1,2,2,50,-1,-1,-1,-1,-1,0,1156,396,776,776,1552,776,396,776,776,1552,0,776,0
23386,300000,2,1,2,40,-1,3,2,2,2,2,5130,4903,4679,6596,6344,9067,0,0,2000,0,3000,0,1
15502,280000,1,1,1,34,1,-1,-1,2,-1,-1,-2159,5777,7936,2932,6493,4867,7936,2980,29,6493,4867,240,0
18176,50000,1,2,1,35,-1,-1,-1,-1,-1,0,3056,0,4091,0,6592,2728,0,4091,0,6592,0,1456,0
22476,260000,2,2,1,41,-2,-2,-2,-2,-2,-2,8154,1365,717,717,2325,1117,1365,717,717,2325,1117,891,0
9936,50000,1,3,1,38,0,0,0,0,0,0,10825,11377,10760,10973,10693,9888,1500,1155,368,372,356,500,0
13799,210000,2,1,1,35,-1,-1,-2,-2,-2,-2,3805,0,0,0,0,0,0,0,0,0,0,0,0
28579,500000,2,1,1,46,0,0,0,0,0,-1,196606,64144,49722,67909,61613,16932,10000,10000,20025,10000,20000,18000,0
15682,30000,1,2,2,25,1,-1,2,2,-1,0,0,1170,390,0,9494,11473,1170,0,0,9494,3000,378,1
18435,150000,2,2,2,23,-1,-1,-1,0,0,0,330,330,63917,59865,59258,57924,330,63917,2100,2100,2200,2200,0
11506,20000,1,2,2,25,-1,-1,0,0,0,-2,390,5548,7001,6695,0,0,5548,2000,2000,0,3300,0,0
13393,50000,2,1,2,25,0,0,0,0,0,0,23794,22588,20376,10203,9868,9700,1398,1136,483,340,368,300,0
26333,50000,2,1,2,26,0,0,-1,0,0,-1,4041,1343,2174,3479,3006,810,1200,2500,3000,1000,900,48578,0
28391,160000,2,2,2,39,0,0,0,0,0,0,163058,161485,161076,156478,122441,120574,6001,6401,6384,4600,4800,4400,0
29299,50000,1,2,2,25,0,0,0,0,0,2,29425,30932,32128,33588,38106,37364,2000,2000,2000,5100,0,4000,0
10798,330000,1,1,2,34,-1,-1,-1,-1,0,-1,316,310,6994,632,316,38277,310,7006,2000,0,38277,6000,0
11885,120000,1,2,2,26,0,0,0,0,0,0,74831,78082,80333,82497,84438,86332,4000,3062,3000,2773,3000,1899,0
8449,700000,2,2,2,28,0,0,0,0,0,0,16262,12219,9861,6384,5126,2680,2192,2015,1005,1009,1000,1000,0
2406,50000,2,3,2,43,2,2,7,7,7,7,2400,2400,2400,2400,2400,2400,0,0,0,0,0,0,1
11809,50000,2,3,1,55,0,0,0,0,2,0,46300,10849,8857,9658,9359,9554,1200,1147,1222,0,350,338,0
25602,200000,2,5,3,40,0,0,0,0,0,-1,225480,211608,197824,201940,98496,3480,7263,8857,9117,29420,3484,1998,0
10850,50000,2,2,2,38,0,-1,-1,0,0,0,4965,495,16982,17203,17577,17936,500,17000,800,800,800,900,0
10399,50000,1,2,2,22,0,0,0,-2,-2,-2,47478,43300,0,0,0,0,1000,0,0,0,0,432,0
8527,110000,2,1,2,25,0,0,0,0,0,0,63594,56267,53550,44084,42077,37770,2260,1499,1309,1487,2000,5000,0
14790,50000,1,2,3,41,-1,-1,0,0,0,0,780,12667,6713,6452,6188,4048,12667,1055,184,182,153,100,0
15358,280000,2,1,2,33,2,0,0,0,0,0,3192,4962,7860,10708,13516,16279,2000,3000,3000,3000,3000,3000,0
27620,20000,2,2,2,22,0,0,0,0,0,0,15247,16561,17280,18431,18341,19569,1575,1294,1596,655,1669,0,1
13632,60000,2,2,2,24,0,0,0,0,0,0,60839,59316,59707,18490,19505,20197,3400,1705,1200,1300,1003,1000,0
20788,500000,1,1,2,34,0,0,0,0,0,0,32282,32307,7403,12225,16702,21253,5000,5000,5000,5000,5000,8000,0
20220,230000,2,2,2,53,0,0,0,0,0,0,9358,13482,17874,26743,26431,35153,5000,5000,10000,5000,10018,6850,0
19018,50000,2,2,2,27,0,0,0,0,0,0,25870,21511,20952,21873,22319,24371,1325,1392,1313,759,2371,3294,0
27414,60000,1,2,1,41,1,-1,0,0,0,0,-1582,56557,55839,47797,8062,8284,59852,5011,5000,2500,1000,5000,0
5094,210000,2,2,1,43,1,-2,-2,-2,-2,-2,0,0,0,0,0,0,0,0,0,0,0,0,1
15189,460000,2,1,1,34,-1,0,0,0,0,0,11689,12911,15418,22465,25546,36452,2000,3000,8000,4000,16000,6000,0
3619,210000,1,3,1,41,-1,-1,2,0,0,-1,390,1732,1170,780,390,69438,1732,0,0,0,69438,3750,1
25337,50000,2,1,2,27,0,0,0,0,0,0,44402,44977,46546,46033,48656,41674,2000,3000,2400,3023,5000,0,0
11660,150000,2,3,1,45,0,0,0,0,0,0,59885,59054,60254,59604,60707,61988,2200,2200,2300,2213,2300,2245,0
2107,50000,1,3,2,28,0,0,0,0,0,0,48963,50381,50287,20406,20206,19690,2500,1293,839,870,940,865,0
19605,110000,2,1,2,31,1,-2,-2,-2,-2,-2,0,0,0,0,0,0,0,0,0,0,0,0,0
19722,150000,2,3,2,30,0,0,0,0,0,0,24523,22224,20880,17305,16094,18516,2029,3030,3118,3003,3040,2050,0
5076,50000,2,1,2,27,1,2,0,0,2,2,21824,21187,23815,26418,25859,29745,0,3000,3000,0,4500,0,1
14690,70000,2,2,2,26,0,0,0,0,0,0,35867,28496,28401,22587,24361,25424,3000,3005,3000,3000,1500,1008,0
19237,230000,2,2,1,49,1,-2,-2,-2,-2,-1,0,0,0,0,0,6946,0,0,0,0,6946,0,0
22850,180000,2,1,1,39,-2,-2,-2,-2,-2,-2,0,0,0,0,0,0,0,0,0,0,0,0,0
16397,100000,2,2,1,39,2,0,0,0,0,0,95893,97040,65668,66046,66779,45833,3552,2617,2098,1916,1707,1732,0
28103,180000,2,1,2,30,2,2,2,2,0,0,14038,16980,16915,17532,18429,20126,3500,500,1200,1500,2000,0,1
26980,390000,1,1,1,47,-1,-1,-1,-1,-1,-1,5768,8843,18982,11700,0,2978,8875,19051,11754,0,2978,0,0
26856,230000,1,3,1,48,0,0,2,0,0,0,20271,21979,20924,20881,21262,21469,5034,0,2000,2000,2000,2000,0
12633,340000,2,2,2,27,-1,-1,-1,-1,-1,-1,14745,9318,4794,7819,332,16516,9318,5343,7819,332,16516,5000,0
27053,50000,1,3,1,47,0,0,0,0,0,0,12975,13982,15315,16019,16336,16678,1230,1563,1267,584,605,609,0
24407,260000,1,2,2,32,1,-2,-2,-2,-1,-1,3581,-9,-9,1935,999,0,0,0,1944,999,0,0,0
9156,160000,1,1,2,30,-1,-1,-1,-1,-1,-1,4180,7781,1256,14160,6180,2000,7781,1276,14160,6180,2000,290,0
19140,260000,2,2,1,37,1,1,-2,-2,-1,0,5917,-15910,-15910,-15910,24090,13977,0,0,0,40000,507,656,0
14145,500000,2,1,2,28,2,0,0,2,0,0,98541,102052,111690,78070,78376,80912,6000,13151,0,3000,5000,10000,1
21084,360000,1,1,1,43,0,-1,-1,-1,0,0,30769,13532,840,68110,55905,42239,13952,864,124037,1679,1163,1126,0
21709,230000,2,2,2,23,1,3,2,2,2,2,5263,5021,3579,31053,30334,38203,3,8,30334,0,8507,14,0
5988,360000,2,3,2,39,1,-2,-2,-2,-2,-2,0,0,0,0,0,0,0,0,0,0,0,0,1
19479,360000,2,1,2,32,0,0,0,0,0,0,167232,166848,149903,138091,138123,140324,6121,7294,6135,4504,4669,4060,0
3550,50000,1,2,1,28,0,0,-1,-1,-1,-1,20914,29303,2515,7885,14493,2113,10087,2522,7951,14493,2120,3027,0
22366,150000,2,2,2,32,0,0,0,2,2,2,9545,14350,17118,16546,20052,20385,5000,3000,0,3800,800,0,1
5451,30000,1,2,2,49,-1,-1,-1,-1,-1,-1,1659,1473,390,390,390,1320,1473,390,390,390,1320,0,0
11409,240000,1,1,2,48,1,3,4,3,2,0,180189,191054,192447,188156,183299,180090,15281,6000,0,0,9013,6183,0
4611,30000,2,2,1,42,0,0,0,0,0,2,27276,30470,27699,28257,30695,30059,3671,1500,1018,2900,0,869,0
27064,40000,1,1,2,45,-1,-1,-1,-1,-1,0,10567,264,3430,-147,672,5408,264,3430,0,24672,5000,3020,0
28143,430000,2,5,2,44,0,0,0,0,0,0,626648,586825,547667,504474,462640,420585,20659,20421,16943,15634,14933,15131,0
1212,160000,2,3,2,26,-1,-1,-1,-1,-1,-1,390,390,390,390,390,390,390,390,390,390,390,390,0
27911,290000,2,1,2,27,1,2,0,0,0,2,236258,232523,243753,253145,267412,273095,1500,16500,15000,20000,10000,9701,0
27772,150000,2,2,2,26,0,0,0,0,0,0,69169,67855,74494,74204,75678,74235,3083,10000,2554,2566,2600,3016,0
13179,210000,1,1,2,32,-1,2,2,-1,-1,-1,2869,2639,0,6299,0,197,0,0,6299,0,197,0,0
25188,50000,2,3,2,23,0,0,0,0,0,0,29496,30504,30785,29405,26594,26732,1503,1493,1393,912,940,1000,0
8710,50000,1,1,2,25,-2,-2,-2,-2,-2,-2,0,0,0,0,0,0,0,0,0,0,0,0,0
11582,80000,1,3,1,27,2,-1,0,0,0,0,40846,3099,1950,1170,780,780,1149,1000,0,0,0,2440,1
7785,20000,1,2,2,46,-1,-1,-1,0,0,-2,780,0,1170,780,0,0,0,1170,0,0,0,0,1
8446,50000,1,2,1,36,0,0,0,-2,-2,-2,48612,50525,0,0,0,0,3000,0,0,0,0,0,0
15003,90000,2,2,1,28,0,0,0,0,0,0,24657,25743,26406,24364,19726,19166,1500,1500,1508,1000,1000,800,0
6044,130000,1,2,1,38,-1,-1,-1,-1,-1,-1,780,0,11440,3752,1824,390,0,11440,3752,1824,390,390,0
29783,300000,1,3,1,32,-1,-1,-1,0,0,-1,590,2635,1461,3242,-80,720,2635,1461,2000,0,800,15,0
25514,50000,2,1,2,26,0,0,0,0,0,0,48338,48283,40989,26695,18884,20131,3008,2024,3000,1000,5000,1500,0
10224,120000,1,2,2,32,0,0,0,0,0,0,113650,105592,105428,76543,144089,74115,3999,6025,3069,3001,6000,3112,0
18268,100000,1,1,1,63,0,0,0,0,0,0,61228,59936,59038,52735,46667,49009,2810,2954,2307,1756,3181,0,0
24349,450000,1,2,2,32,0,0,0,0,0,0,166295,147549,234421,240020,240016,223545,5771,90000,10517,8801,8265,9000,0
27168,10000,1,2,1,29,0,0,0,0,0,0,8275,8409,8600,9470,6690,9690,2800,2000,1500,900,3000,0,1
13332,80000,2,2,2,31,0,0,0,0,0,0,28190,27045,22843,20578,19049,16221,1751,1500,1000,779,545,500,1
16402,30000,2,2,1,36,0,0,0,2,0,0,23309,24610,26404,27149,27634,28215,2000,2500,1500,1200,1142,1600,0
7781,70000,2,2,1,28,0,0,0,0,0,0,45738,36105,27484,28526,30053,30379,4016,2000,2000,2000,2000,2000,1
17585,200000,2,3,1,43,-1,-1,-1,-1,-1,-1,623,623,5477,623,623,773,623,5477,623,623,773,623,0
12268,200000,1,3,1,36,-1,-1,-1,-1,-1,-1,5308,3959,13868,4094,2247,17794,3981,13909,4106,2253,17847,2123,0
4844,30000,2,2,2,23,2,0,0,0,0,0,21684,23018,24630,24813,25333,25911,2000,2000,888,920,1000,2000,0
28907,140000,2,1,1,40,1,-1,-1,-1,-1,-1,0,1220,0,584,0,190,1220,0,584,0,190,0,0
20926,200000,1,1,2,34,-2,-2,-2,-2,-2,-2,1740,10108,291,2515,1133,-363,10108,291,2515,1133,0,0,0
11575,150000,2,1,1,30,-2,-2,-2,-2,-2,-2,10427,-20,-20,-20,-20,-20,0,0,0,0,0,0,0
16458,130000,2,1,2,51,0,0,0,0,0,0,73903,74661,75593,78110,81793,86452,6000,5002,6000,5000,6000,4000,0
3751,290000,2,2,1,37,-1,0,0,0,0,0,1428,2741,4029,5451,6357,7246,1500,1500,1500,1000,1000,1000,1
3277,160000,2,2,2,24,0,0,0,0,0,0,157389,158475,162309,162462,160085,158236,6800,6500,6000,6200,6200,6000,0
25454,140000,2,1,2,28,0,0,3,2,2,0,47547,55621,54174,54599,53124,54393,9532,0,1900,0,2124,2427,1
10345,90000,1,2,2,28,0,0,0,0,0,0,91431,88920,88344,50209,48262,49316,4672,4042,1748,1892,2000,1861,0
1920,20000,1,2,1,33,0,0,0,-2,-2,-2,2508,3448,-202,-202,950,0,1000,202,0,1152,0,1000,0
3378,50000,1,2,1,26,0,0,0,0,0,0,48992,49689,31368,9454,6020,5000,1769,1003,189,120,100,3710,0
4527,270000,1,1,1,37,0,0,0,0,0,0,156346,159223,165480,76144,77944,76577,7000,9000,5000,3000,3000,3000,1
28660,200000,2,1,1,34,-2,-2,-2,-2,-2,-2,2955,5895,15146,11575,11564,13744,5938,15682,11633,11622,13813,22699,0
29311,50000,1,3,2,26,0,0,0,0,0,0,24003,25597,26237,19296,19127,18997,2000,1425,1598,819,705,819,0
6483,190000,1,2,2,26,0,0,0,0,0,0,155260,136185,139013,140035,146365,148961,7416,6900,5100,10000,5500,6700,0
12622,230000,2,3,1,30,0,0,0,0,0,0,190919,191785,164602,136569,139522,132239,7214,6264,10000,5028,5000,5000,0
19038,50000,2,1,2,22,0,0,-2,-2,-2,-2,2416,0,0,0,0,0,0,0,0,0,0,0,0
21690,80000,2,3,1,25,0,0,0,0,0,0,63214,61943,61458,57045,50652,48476,2300,2215,1900,1800,1920,2300,0
17036,110000,2,2,2,24,-1,-1,-1,-1,-1,0,1183,1362,1352,1867,36986,40053,1362,1352,1867,36986,5000,3000,0
23409,50000,2,2,2,48,1,4,3,2,2,2,10024,9723,9427,9075,10037,12503,0,0,0,1000,0,264,0
4202,500000,1,3,2,32,0,0,2,0,0,0,211508,183713,158759,119566,123098,132355,10070,3066,13366,20898,20155,16101,0
19611,240000,2,2,1,47,0,0,0,0,0,0,121386,123877,127344,125050,126479,130266,6000,7000,6500,5000,6000,6000,0
1816,80000,1,1,2,23,0,0,0,-1,2,2,60130,59744,44031,48089,44789,30423,2550,1848,6084,38,4,70,0
9756,140000,1,1,1,31,2,0,0,2,2,2,51028,52112,55232,55932,54910,57344,2500,4600,2200,0,3513,3000,0
15542,160000,1,2,2,30,-2,-2,-2,-2,-2,-2,750,370,-20,780,0,1470,400,0,800,0,1470,0,0
3858,50000,2,2,2,28,0,0,0,2,0,0,43747,44488,47342,46326,46358,45283,1746,3600,0,1666,1559,1551,0
3536,90000,1,1,1,35,0,0,2,2,2,2,15952,18780,19177,18574,19721,19254,3100,1000,0,1600,0,800,1
10997,50000,1,3,1,36,0,0,0,-1,-1,-2,10849,3701,4600,2300,0,0,1101,1000,2300,0,0,0,0
28084,150000,2,2,1,41,-1,-1,-2,-1,0,0,1650,0,0,6784,6923,14116,0,0,6784,159,167,760,0
7235,30000,1,2,2,24,0,0,-2,-1,-1,-2,12800,0,0,90,-40,-3000,0,0,90,0,0,10400,0
3566,140000,1,1,2,27,-1,-1,-1,0,-1,-1,832,0,825,409,521,416,0,825,0,528,416,1059,1
28096,150000,2,2,2,41,-1,-1,-1,-1,-1,-1,316,316,316,316,466,8057,316,316,316,466,8057,316,0
16882,100000,1,0,2,37,0,0,-2,-2,-2,-2,7642,0,0,0,0,0,0,0,0,0,0,0,0
14301,700000,2,1,1,36,0,0,0,0,0,0,450827,389039,328316,325968,271596,286805,13000,11939,10312,20004,20000,20000,0
26677,210000,1,2,2,27,0,0,0,0,0,0,65795,54166,73077,62288,66309,66393,2151,20000,2205,5000,1982,1982,0
18531,220000,2,2,2,26,-1,-1,-1,-1,-1,-1,1534,3524,2130,7510,1117,916,3524,2130,7521,1117,916,2719,0
22207,30000,2,2,2,23,0,0,0,0,0,0,28347,28296,25819,26409,26401,26448,2300,2390,1718,1100,1000,2000,0
23791,120000,2,2,1,57,-2,-2,-2,-2,-2,-2,0,644,377,0,0,0,644,377,0,0,0,0,0
11285,280000,2,1,1,32,1,-2,-1,0,0,-2,0,0,3508,3508,-200,-200,0,3508,0,0,0,0,1
27507,170000,1,1,2,51,0,0,0,0,0,0,201851,195038,189067,180389,137030,129222,6873,7509,5573,4309,4239,5142,1
16766,30000,1,2,2,37,0,0,0,0,0,0,23422,24425,25463,26453,26987,28760,1397,1435,1425,959,2201,1200,0
1424,200000,2,3,2,27,1,-2,-2,-2,-2,-2,0,0,0,0,0,0,0,0,0,0,0,0,0
14403,70000,1,1,2,26,0,0,0,0,0,0,6121,7064,8143,8507,8869,9220,1200,1200,500,500,500,500,1
433,110000,2,1,2,29,0,0,0,0,0,0,48123,49537,50422,50990,52014,53206,2500,2500,2000,2000,2057,2500,0
13736,70000,2,3,1,36,0,0,0,2,0,0,28518,29558,32054,31239,31935,32602,1504,3000,0,1200,1200,1300,1
8124,390000,2,2,1,41,-2,-1,0,0,0,0,3983,25146,197534,179690,170173,164339,25146,185059,9137,6513,5058,6000,0
25789,200000,2,1,2,33,-2,-2,-2,-2,-2,-2,9099,3771,664,0,641,5506,3775,664,0,641,5506,1847,0
26628,60000,1,2,2,24,2,0,0,0,0,0,27019,25100,21023,16973,12410,11944,1686,2000,1000,1000,6000,5000,1
19865,180000,2,1,2,34,-2,-2,-2,-2,-2,-2,-20,50664,3200,2990,12280,56020,50684,3200,2990,12280,56020,5450,0
13279,210000,2,3,1,52,-1,-1,-1,-1,-1,-1,65265,38627,142285,22092,35141,56188,39000,150109,180,58000,56200,20000,0
13809,50000,1,1,2,57,0,0,0,0,0,0,51102,50484,49175,21944,20142,18728,2500,2158,927,696,1000,374,0
18716,80000,2,2,1,26,0,0,0,0,0,0,42972,44210,42418,43410,44684,45808,2000,2100,2000,2000,2000,2000,0
28678,500000,2,1,2,29,0,0,0,0,0,0,70287,73487,77282,80977,84609,88073,5000,5000,5000,5000,5000,5000,0
14780,30000,2,1,2,25,0,0,0,0,0,-2,25115,26287,26602,21000,0,0,1886,1620,0,0,0,0,1
18406,230000,2,1,2,23,0,0,0,0,0,0,34975,35950,18661,12157,13104,13314,2000,1241,1157,1104,814,715,0
8545,450000,1,1,1,34,-2,-2,-2,-2,-2,-2,-9,1844,0,0,0,0,1853,0,0,0,0,0,1
5314,80000,2,1,1,50,1,-2,-2,-2,-2,-2,0,0,0,0,0,0,0,0,0,0,0,0,0
19556,300000,2,2,1,28,0,0,0,-1,0,0,30631,14623,9728,28960,26589,18171,1373,1010,42348,0,0,173,0
23378,550000,2,2,1,32,2,0,0,0,0,0,548551,546741,535509,548020,530672,155083,21094,22863,167622,14000,4300,158064,1
18355,130000,2,2,2,23,-1,-1,-2,-2,-2,-2,69,0,0,0,0,0,0,0,0,0,0,0,0
5260,140000,1,1,2,29,0,0,0,0,0,0,137708,140804,137635,97928,99634,101020,5730,5200,3100,3200,3400,3300,0
14740,290000,2,1,1,36,0,0,0,0,0,0,97733,91270,79396,69925,71794,73597,3500,3000,3000,3000,3000,3000,0
603,170000,1,1,1,53,0,0,0,0,0,0,17862,17927,18800,17647,18015,12930,1323,1196,544,563,629,361,0
630,200000,2,3,3,45,-1,-1,-1,-1,-1,-1,4430,7182,3855,3411,6788,9921,7193,3855,3411,6788,9921,5016,0
704,50000,2,2,3,30,1,3,2,0,0,0,52515,51424,49967,20036,20076,37615,0,0,2000,1000,1000,1600,1
12603,70000,2,2,2,23,0,0,0,0,0,0,54428,25085,25282,21858,19171,8443,2002,1819,509,539,2000,1000,0
23058,170000,2,2,2,29,0,0,0,0,0,0,69314,65083,67062,68188,56454,58453,2330,3028,2847,2600,3400,2045,0
12164,50000,1,1,2,42,1,2,2,2,2,2,44350,43360,45892,46886,48037,47551,0,3300,2000,2000,396,1600,0
28337,80000,2,2,2,43,0,0,0,0,0,0,77479,77057,78102,58501,51042,19036,3631,3177,2600,3000,1691,695,0
4660,100000,2,2,1,50,2,2,2,2,2,2,44078,45077,47837,48678,48420,48888,2000,3841,1900,1900,1800,2000,1
22236,180000,2,1,2,29,-1,-1,-1,-1,0,-1,3900,222,906,6101,50372,1203,222,908,6101,48251,1207,4545,0
6472,500000,2,2,2,48,-1,-1,-1,-1,-1,-1,77461,68781,58436,9536,8302,64460,68781,58436,9536,58302,64460,14000,0
28803,140000,2,1,2,34,-1,-1,-2,-2,-1,0,1500,0,0,0,6400,11400,0,0,0,6400,5000,1000,0
20299,200000,2,3,1,53,0,0,0,2,0,0,88895,79074,47318,21594,19067,13814,2600,3224,0,8000,8000,8000,0
23439,650000,2,3,2,39,0,0,-1,-1,-2,-1,5865,0,1904,-61,-261,13050,0,1904,0,0,13311,64731,0
20714,220000,1,2,1,45,0,0,0,0,0,0,165583,168400,171249,173455,88063,90240,6500,6000,4500,3000,3000,3000,0
25742,30000,2,2,1,37,3,3,3,2,0,0,27672,28911,29163,28380,28636,30290,2000,1000,0,1000,2100,1500,1
21051,50000,1,2,2,42,2,2,2,2,-1,0,22591,21523,24538,22402,9528,8447,0,3701,554,10026,421,6106,0
8947,50000,1,3,1,53,0,0,0,0,0,0,6618,7641,8651,8824,9008,9187,1133,1143,316,326,328,339,0
10669,50000,1,2,1,42,-2,-2,-2,-2,-1,0,1464,1469,2185,0,19777,19910,1469,2185,0,19777,629,296,0
22553,80000,2,3,1,35,0,0,0,0,0,0,54986,55111,55239,54892,45862,45086,1966,2055,1720,1458,1475,1587,0
15128,80000,1,2,2,48,0,0,0,0,0,0,74040,74658,72885,47663,48350,47208,3500,2500,2000,2000,2000,2000,0
2289,70000,1,2,2,28,1,2,0,0,0,0,35155,26598,22793,23156,24810,27433,23,1637,1000,2000,3007,3014,0
25646,40000,2,2,2,44,2,2,2,2,2,2,35515,36176,37490,38726,39795,40230,1550,2200,2170,2001,1601,1602,1
14130,180000,2,1,2,26,-2,-2,-2,-2,-2,-2,4312,2117,5944,2102,10214,0,2117,5944,2102,10214,0,0,0
5404,170000,1,3,1,31,0,0,0,0,0,0,3062,112762,112880,111210,111525,112360,112000,6000,4500,4500,5000,4500,0
16073,50000,2,3,2,40,0,0,0,0,0,0,19824,29311,30862,26614,15571,14971,15000,10000,5000,1500,800,2000,0
15195,50000,2,2,1,25,0,0,0,-1,-1,0,16092,12352,-1618,-809,46976,47618,2352,809,928,48659,1400,2000,0
20738,20000,1,3,2,24,5,4,3,2,2,-2,21151,20537,19933,19167,18767,18767,0,0,0,0,0,0,0
10213,50000,1,3,1,41,2,2,2,0,0,0,31303,35716,30087,29610,40736,25690,5700,0,1000,12000,2000,900,0
22881,30000,2,3,1,39,1,2,2,2,2,2,25574,22897,25647,24937,26938,26374,0,3128,0,2419,0,700,0
5695,210000,1,1,1,39,-2,-2,-2,-1,-1,-2,980,0,650,3446,0,0,0,650,3446,0,0,0,1
23727,330000,2,3,1,50,-1,-1,-2,-2,-2,-1,2064,0,0,0,0,324,0,0,0,0,324,0,0
12502,300000,1,1,2,31,1,-1,-1,-1,-1,-1,-122,22953,3565,19869,26249,1332,23075,3583,19969,26380,1338,0,0
11085,190000,1,1,2,31,0,0,0,0,0,0,182396,187565,188334,182889,81409,85059,8300,5302,6037,3500,5000,4000,0
5564,210000,2,1,2,25,-1,-1,-1,0,0,0,4576,1837,141555,140550,153587,153278,1837,141555,4272,20150,6000,9749,0
10114,50000,2,1,2,42,-1,-1,-2,-2,-2,-1,1618,0,0,0,0,3702,0,0,0,0,3702,4817,0
29890,340000,1,2,1,37,0,0,0,0,0,0,71934,78695,80831,81589,83546,85362,8000,4000,3000,3300,3300,4000,0
5637,210000,2,2,2,42,-1,-1,-1,0,-1,-1,1631,1024,1520,916,586,1466,1024,1520,0,586,1466,427,0
14267,290000,2,2,1,37,0,0,0,0,0,0,277449,271080,280510,198869,222558,134187,52000,40504,20000,30003,15004,4012,0
2529,90000,2,1,2,27,-2,-2,-2,-2,-2,-2,0,0,0,0,0,0,0,0,0,0,0,0,0
2033,500000,2,1,1,34,0,0,0,0,0,0,32715,60927,76088,110294,108964,103548,30007,30000,50000,5000,5000,30000,0
19275,180000,2,1,2,32,1,-2,-2,-1,-1,-2,-10,-10,-10,5650,-10,-10,0,0,5660,0,0,0,0
4701,180000,1,1,1,45,2,2,2,0,0,0,106462,113728,98314,94552,92422,63022,10000,0,10000,3000,5000,4000,0
3416,200000,2,2,1,37,0,0,0,0,0,0,184144,189158,190569,191730,171269,151550,8017,8000,8000,9000,7000,6000,0
13811,40000,1,1,1,47,2,2,2,2,2,2,11084,12605,13102,12595,14386,14005,2000,1000,0,2000,0,2000,0
1622,240000,1,1,2,29,0,0,0,0,0,0,240248,221277,201606,183454,180255,184230,11000,9100,8000,8000,7000,8000,0
4128,50000,1,3,1,32,0,0,0,0,0,-2,46727,47973,48990,49261,0,0,2000,2005,1745,0,0,0,1
8354,280000,2,1,1,34,0,0,0,0,0,0,232834,218803,202031,111603,94050,76232,9001,6369,3864,3501,3001,1701,0
10265,20000,1,1,3,47,0,0,0,3,2,0,16888,17928,20312,19696,19648,20154,1616,3000,0,408,826,872,0
22125,80000,2,2,2,26,3,2,2,2,2,2,45088,46040,46998,47929,46860,51931,2000,2000,2000,0,6000,0,1
6115,30000,2,3,2,51,0,0,0,0,-1,-1,17261,20543,18180,7200,18183,8975,5000,8180,2200,18183,8975,3000,0
21916,190000,2,2,2,28,0,0,0,0,0,2,188370,188550,187521,190448,195492,190598,8700,8500,9270,14100,0,7200,0
21018,50000,1,2,2,32,1,2,2,0,0,0,48793,50194,49101,47549,48817,45928,2500,0,1800,2000,2000,2000,1
28929,180000,2,1,2,33,-2,-2,-1,-1,-1,-1,4500,2580,178,1500,0,1118,2580,178,1500,0,1118,1331,0
25691,50000,2,2,2,43,0,0,0,0,0,0,43051,43729,27008,28324,8044,8414,1500,1500,1800,500,500,500,0
6804,50000,1,2,2,27,0,0,0,-2,-2,-2,26380,26439,-200,-200,-200,-200,1000,0,0,0,0,0,0
22067,160000,2,1,2,26,-1,-1,-1,0,0,0,2659,3859,10709,8677,4318,2659,3859,10709,1000,100,1000,2856,0
6767,220000,2,1,1,36,0,0,0,0,0,0,210475,216513,196219,200117,204312,208373,9639,7123,7162,7419,7462,8621,0
9372,200000,2,1,1,50,-1,-1,-1,0,0,-1,1662,2482,19272,22388,21105,3471,2482,19272,10004,10000,3471,13754,0
8990,210000,2,2,1,34,0,0,0,0,-1,0,149092,153941,157358,3561,34600,32581,7000,7600,1019,36500,3000,3000,0
7286,150000,2,2,1,38,-2,-2,-2,-2,-2,-2,1106,2199,2997,735,1104,0,1208,1006,50000,1104,0,0,0
26950,400000,1,1,2,32,-1,-1,-1,0,0,0,3919,-8477,247784,258900,225614,228219,0,258900,20170,17000,10000,10000,0
8075,80000,2,2,2,30,0,0,0,2,0,0,35738,37108,41012,40052,41110,42071,1946,4850,0,1700,1800,1800,0
28719,350000,2,1,1,45,-1,-1,-1,-1,-1,-1,291,291,291,291,291,291,291,291,291,291,291,291,0
18135,270000,1,1,1,38,-2,-2,-2,-2,-2,-2,0,0,0,0,0,0,0,0,0,0,0,0,0
8910,50000,1,3,1,38,-1,-1,-1,-1,-1,0,9536,0,1261,1261,2522,1261,7014,1261,1261,2522,0,780,0
20897,20000,1,2,2,24,0,0,0,-2,-2,-2,18196,19495,-280,-280,-280,-670,1775,0,0,390,0,1600,0
27371,180000,1,1,2,31,-1,-1,-1,-1,-1,-1,6383,3166,13346,4195,9934,3317,3200,13500,4195,10000,3500,5912,0
20608,260000,1,1,2,30,-2,-2,-2,-2,-2,-2,2322,1233,3302,6592,5008,3386,1233,3302,6592,5008,3386,2547,0
9092,240000,2,3,2,50,0,0,0,0,0,0,223045,218120,221051,191997,196221,200058,9490,8163,6753,7197,7176,5265,0
17466,500000,2,2,1,43,0,0,-2,-1,0,0,53477,0,0,113904,116168,117375,0,0,113904,4130,4356,4103,0
19284,70000,2,1,1,32,0,0,0,0,0,0,70178,71312,71314,71595,70040,68927,2900,2766,3648,2700,2487,2600,1
4454,50000,1,3,1,45,-1,-1,-2,-2,-2,-2,1189,0,0,0,0,0,300,0,0,0,0,0,0
25703,200000,2,3,0,45,-2,-2,-2,-2,-2,-2,399,2430,0,399,1396,0,2430,0,399,1396,0,0,0
25221,10000,2,1,2,24,1,2,0,0,2,2,6779,6524,7559,9564,9264,9862,0,1300,2300,0,900,500,0
20561,320000,1,2,2,28,0,0,0,0,0,0,46385,47439,48858,50893,52352,53480,2000,2000,3000,3000,1667,2019,0
9775,150000,2,1,1,36,-2,-2,-2,-2,-2,-2,14843,14528,11317,14037,12030,10738,14528,11322,14042,12030,10738,322,0
2473,100000,2,3,1,38,0,0,0,0,0,0,62427,63922,65864,66578,69503,72346,2500,3000,2400,4000,4000,4000,0
1385,50000,2,3,1,22,0,0,0,0,-1,0,22854,31329,23927,0,83,20083,9000,1507,0,83,20000,600,0
27704,110000,2,1,2,25,2,2,2,-1,-1,0,2729,4382,1972,1426,5660,5660,4340,5,1426,5660,0,0,1
23755,300000,2,4,1,54,1,-2,-2,-2,-2,-2,0,0,1702,0,0,0,0,1702,0,0,0,0,0
20623,50000,1,2,2,32,0,0,0,0,0,2,50240,50149,50021,44924,49669,42689,6000,8000,3000,9000,0,10000,1
27191,230000,1,1,1,29,2,0,0,0,0,0,306836,295324,303082,307038,116506,19085,9062,10978,10361,2507,490,308,0
24854,500000,1,2,1,42,-1,-1,-1,-1,-1,-1,17360,13170,10697,19757,5158,43859,13222,10758,19883,5180,44064,41450,0
13350,390000,1,1,1,38,0,0,0,0,0,0,30642,31843,32860,33511,34271,35040,2000,1548,1199,1300,1337,13000,0
6992,240000,2,2,1,40,-1,-1,-1,-1,-1,-1,326,326,326,326,326,326,326,326,326,326,326,326,0
10948,80000,2,1,2,23,0,0,0,0,0,0,80133,74838,62696,27693,25594,29155,3539,3180,818,1018,10006,3616,0
10856,80000,2,2,1,45,0,0,0,0,0,0,30063,30399,24577,24788,18522,17873,1843,1233,882,633,842,12000,0
17404,70000,2,2,1,41,0,0,0,2,0,0,68953,68908,68799,65250,53934,54149,3000,3810,2010,2054,2000,1872,0
11751,50000,2,2,2,28,0,0,0,-1,0,0,59321,56454,53278,19437,19845,19911,2329,2353,39886,704,730,656,0
24996,160000,1,6,1,44,0,0,0,0,0,0,151394,153702,156778,148292,115841,116972,5500,7054,6511,4500,4500,4500,0
23097,690000,2,3,2,34,0,0,0,0,0,-1,390757,397292,390166,360568,331674,160287,14724,19118,7415,20348,160671,91323,0
25725,50000,2,1,2,23,0,0,0,0,0,0,15213,16253,17289,18396,19089,19629,1300,1300,1400,1000,1000,1043,0
20451,130000,1,2,2,25,2,0,0,0,0,-1,128947,126454,128179,75525,76862,6131,5006,4252,3000,1537,10000,21300,0
21477,150000,2,3,1,28,0,0,0,0,0,-2,3558,4725,2980,3234,0,0,2000,1000,2234,0,0,0,0
28967,180000,2,2,2,34,0,0,0,0,0,0,41699,42812,44132,24594,25686,26780,1800,2100,1500,1500,1500,1200,0
773,20000,1,2,1,33,0,0,0,0,0,0,11026,9535,10510,10472,10140,10101,1174,1149,501,356,507,458,0
15821,30000,2,1,2,27,2,0,0,0,0,0,23575,24584,25885,26851,26808,27599,1400,1700,1900,557,1000,2000,0
23600,160000,2,2,1,42,-1,0,0,0,0,0,34186,35186,36512,36382,37105,38034,1569,1895,1606,1329,1528,1600,0
10425,140000,2,2,2,32,2,2,2,3,2,2,76187,84734,91142,88800,90750,88591,9834,8742,0,3500,0,3100,1
11898,20000,1,3,2,27,0,0,0,0,-1,2,20443,19038,38730,-210,690,150,1558,1400,400,1290,0,780,0
20343,180000,2,2,1,62,1,-2,-2,-2,-2,-2,0,0,0,0,0,0,0,0,0,0,0,0,1
24818,120000,1,2,1,37,2,2,0,0,0,0,45902,44868,45943,46976,47891,51036,0,2100,2100,2000,4100,3000,1
3717,230000,2,2,2,30,-2,-2,-2,-2,-2,-2,0,0,0,0,0,0,0,0,0,0,0,0,0
1134,50000,2,2,1,36,2,2,2,0,0,2,45159,49125,47956,43578,35126,34420,4700,0,2004,3500,0,1000,0
511,130000,1,2,1,31,-1,-1,-1,-1,-1,2,1261,1261,1261,1411,930,390,1261,1261,1411,930,0,780,0
20378,10000,1,2,2,21,2,0,0,0,0,0,8999,9042,10038,9784,9984,9780,1400,1305,1000,200,196,0,1
13280,10000,1,2,2,43,2,-1,-1,-1,-1,-1,654,608,654,5954,0,1308,608,700,5954,0,1308,0,1
25351,80000,2,2,2,27,0,0,0,0,0,0,20540,8985,8941,8564,6281,6965,1985,2287,2287,281,965,18000,0
27540,50000,1,3,1,52,0,0,0,0,0,-1,47594,48611,49063,16908,13112,2280,2200,2343,1178,654,2280,390,1
23969,120000,1,2,2,25,1,2,2,2,2,0,63119,61304,54675,52206,10325,8992,2200,1828,500,0,500,1000,1
19405,220000,2,2,1,37,0,0,0,0,0,0,158494,156004,149677,152724,142064,142649,7000,7000,7100,5000,5400,5600,0
22318,590000,2,1,2,31,1,-1,-1,-1,-1,0,-154,240,244,-1469,925,3319,1000,1026,0,3000,3000,2271,0
12944,70000,2,2,2,30,0,0,0,0,0,0,19758,8960,9949,10298,10511,9764,1162,1151,500,513,424,195,0
29916,10000,1,2,2,32,2,0,0,0,0,0,9299,9576,9028,9644,9790,9990,1132,1384,1000,196,200,0,0
13820,20000,1,3,2,23,0,0,0,-1,-1,-1,2331,3544,3064,1587,-193,3107,2700,2300,2100,0,5000,0,1
16164,20000,2,3,1,32,0,0,0,2,0,0,18539,18800,21274,20109,19976,20143,1400,3300,0,1000,1000,1000,0
25729,280000,2,3,1,37,0,0,0,0,0,0,199046,184586,185067,177878,140710,81033,8200,7500,9000,6500,5000,2000,0
16910,90000,1,3,1,46,0,0,0,0,0,0,91092,91229,66730,44850,29257,24755,4000,3000,2000,638,2000,500,0
2927,30000,2,2,1,34,2,2,2,2,2,2,24014,25891,27385,27834,28241,28130,2274,2217,1200,1000,500,2000,1
29162,10000,2,3,2,53,2,2,2,2,0,0,9917,6615,8355,8000,9000,10000,3400,2000,0,1000,1000,9000,1
14821,30000,1,3,2,34,2,2,2,0,0,0,24367,28682,27922,28632,29075,30891,4723,0,1173,1056,2300,0,1
24532,50000,1,2,1,36,0,0,0,0,0,0,47599,48542,49691,49172,9957,10044,2000,2200,1148,500,500,376,1
326,210000,1,2,2,43,1,-2,-1,0,0,0,0,0,38013,40555,45075,37056,0,38013,3000,5000,3000,3000,0
26358,500000,2,1,2,32,0,0,0,0,0,0,422713,406204,415664,423392,399250,362627,15000,16000,15000,14000,13180,14000,0
1766,30000,2,1,2,27,0,0,0,0,0,0,23447,24563,25650,26222,26800,27554,1500,1500,1000,1000,1200,4271,1
7867,260000,2,1,2,28,0,0,0,0,0,0,63504,66283,67341,54725,36117,35144,4000,3002,2000,2000,2464,1000,0
380,50000,1,2,2,31,0,0,0,0,0,0,20526,15129,15093,9577,11139,12487,2000,3000,327,3000,3000,5000,1
23802,200000,2,2,1,56,-2,-2,-2,-2,-2,-2,2155,0,1750,4990,1200,676,0,1750,4990,1369,676,2158,0
22223,360000,2,1,1,31,-2,-2,-2,-2,-2,-2,9315,58319,48179,14702,20444,30833,58617,48426,14775,20559,30954,14905,0
10442,40000,1,2,2,22,-1,-1,-1,0,0,0,900,2833,9495,6965,2759,0,2833,9495,0,0,0,0,0
20255,350000,2,1,1,52,3,2,2,7,7,7,2400,2400,2400,2400,2400,2400,0,0,0,0,0,0,1
14173,200000,1,2,1,40,0,0,-1,0,0,0,1296,2035,120921,126429,85500,81305,2564,124500,8000,3500,4000,3000,0
11007,60000,1,2,2,22,1,3,2,0,0,0,25300,23150,20999,21423,19049,18282,0,0,1000,1000,1000,1000,0
6519,20000,1,3,2,22,0,0,0,0,0,0,18535,18541,18270,16992,19025,35744,5109,1600,2400,3800,739,2000,1
5682,30000,2,2,1,23,2,2,2,2,2,2,11851,14416,13887,14564,15183,14790,2762,0,910,1000,0,1200,1
4638,20000,1,2,2,28,0,0,0,0,0,0,11449,12811,11779,12379,12879,14879,1582,1400,1000,500,2000,500,0
2184,150000,2,1,1,55,-1,-1,-1,-2,-2,-2,2070,7620,0,0,0,0,7620,0,0,0,0,0,0
17887,220000,1,1,2,28,0,0,0,0,0,0,22399,24203,24081,25356,20952,18340,3000,2000,2000,1000,1200,900,0
6961,50000,1,2,3,34,0,0,0,0,0,0,48538,49580,47557,20914,19646,20332,3000,3006,1500,701,1000,1000,0
15114,50000,1,1,2,51,1,-2,-2,-2,-2,-2,0,0,0,0,0,0,0,0,0,0,0,0,0
9105,290000,2,1,1,39,1,-1,-1,0,0,-1,1358,2586,11101,21101,2833,4820,2613,11101,10000,2839,4826,1352,0
18965,170000,2,2,2,29,0,0,0,0,0,0,51401,47742,45529,42805,38017,39239,2100,2105,2447,1200,3000,2000,0
13451,40000,2,2,2,53,3,2,2,0,0,2,14186,15264,14708,14704,16997,16568,1600,0,500,2500,0,209,0
10647,30000,2,2,2,49,0,0,0,0,2,2,11554,12662,13744,14712,14334,15593,1300,1300,1200,0,1500,0,0
13890,180000,2,1,2,30,-2,-1,-1,-1,-1,-1,0,2647,735,2414,256,3858,2647,735,2414,256,3858,275,0
12494,30000,1,2,1,33,2,2,0,0,0,0,42646,30060,28391,26156,25377,27422,2159,1500,1000,1000,3800,0,1
3043,380000,1,2,1,38,-2,-2,-2,-1,-1,-2,0,0,990,2086,0,4069,0,990,2086,0,4069,10000,0
19286,160000,2,2,2,32,0,0,0,0,0,0,2812,3826,4751,6604,8604,7072,1222,1147,2000,2000,0,766,1
9475,190000,2,2,1,33,0,0,0,0,0,0,142272,143386,141711,142569,141733,142982,8007,8000,8000,5500,5339,5058,0
21190,410000,1,1,1,46,-2,-2,-2,-2,-2,-2,8756,1237,11912,4922,766,640,1237,11912,4922,766,640,6171,0
24684,590000,1,1,1,41,-2,-2,-2,-2,-2,-2,617,1304,35498,0,0,0,1304,35552,0,0,0,0,0
9237,240000,2,3,2,35,-1,-1,-2,-2,-2,-2,4215,0,0,0,0,0,0,0,0,0,0,0,0
25855,130000,2,1,2,30,-1,-1,-1,-1,-1,-1,5002,2437,2448,5457,3855,4684,2437,2774,5457,3855,4684,843,0
29428,120000,1,3,2,28,-1,3,2,-1,-1,-1,1835,1651,390,390,282,-108,0,0,390,282,0,3087,1
22854,180000,2,3,1,32,-1,-1,0,0,0,0,166,1484,2526,3452,3522,4909,1484,1074,1000,70,1387,28,0
23661,200000,2,2,2,33,-2,-2,-2,-2,-2,-2,1502,3806,0,4573,1242,0,3836,0,4573,1242,0,3239,0
21948,150000,2,1,2,28,-1,2,-1,2,0,-1,1040,148,9173,296,148,446,0,9173,0,0,446,0,1
13242,400000,1,1,1,41,-1,-1,-1,-1,-1,-1,1630,816,1617,875,917,5434,816,1617,875,917,5434,14115,0
5923,80000,1,1,2,29,-1,0,0,0,0,0,17562,17709,15631,13402,13197,11624,3015,2008,1009,2005,507,2607,0
29870,80000,1,2,2,31,0,0,0,0,3,2,50244,51243,52319,58245,56728,55691,1835,1903,6800,0,0,2100,0
10318,70000,1,2,2,42,0,0,0,0,0,0,66681,68768,69699,69484,71067,67568,3768,2699,2660,2879,2568,2570,0
21275,50000,1,3,2,51,1,-2,-2,-2,-2,-2,0,0,0,0,0,0,0,0,0,0,0,0,1
21222,80000,1,1,2,38,1,2,2,2,2,2,67046,68439,69258,70526,71774,70503,3100,2500,3000,3000,0,2800,1
25174,30000,2,2,1,21,0,0,0,0,0,0,28640,29133,30022,30068,28829,24935,1400,1819,1328,709,1101,1102,0
16125,80000,2,3,1,40,2,0,0,0,0,0,16413,12171,11554,7830,4305,5427,2160,1500,1218,311,1351,1000,1
2051,30000,1,2,1,47,1,2,0,0,2,2,15148,14620,15322,16469,16063,17295,0,1253,1400,0,1500,0,0
26619,50000,1,2,2,23,0,0,0,0,0,0,48241,49445,51060,50033,9298,7877,2000,2412,5178,5500,500,500,1
19295,200000,2,2,2,36,0,0,0,0,0,0,193083,195259,196120,168814,163509,172037,9000,8993,7503,6000,11300,6103,0
2243,10000,2,2,2,22,1,2,2,2,0,0,8925,8637,10277,9736,9704,9725,0,1800,0,500,600,500,0
5589,70000,2,3,2,24,0,0,0,0,0,0,75894,70947,59783,18965,15936,1518,10004,3012,1000,1000,1518,20911,0
9270,70000,2,2,2,26,0,0,0,0,0,0,23790,23880,24843,25338,25461,26008,1425,1388,883,906,952,877,0
27457,310000,1,1,1,50,-1,-1,-1,-1,-1,-1,396,396,0,942,1645,1287,396,0,942,1645,1287,2077,0
27574,360000,1,1,1,53,-2,-2,-2,-2,-2,-2,826,4741,6336,937,766,1065,4765,6395,941,769,1070,1088,0
7413,50000,1,1,2,26,1,-2,-2,-2,-2,-2,0,0,0,0,0,0,0,0,0,0,0,0,0
29000,170000,2,2,1,40,0,0,0,0,0,0,134496,143242,124103,115638,116430,118950,17400,5921,5700,4200,4400,4611,0
12638,100000,1,1,3,48,-1,-1,-1,0,0,-1,525,1022,897,897,319,2757,1100,1000,0,0,2800,5400,1
3585,140000,2,3,1,28,0,0,0,0,0,0,25184,27742,30129,21477,26097,24767,5000,3011,5000,5000,3000,5000,0
2602,250000,1,3,1,62,0,0,0,0,0,0,38924,38468,35930,40106,38214,28494,5000,5000,5000,3000,2000,10000,0
8841,120000,1,1,2,31,-1,-1,-1,-1,-1,-1,2340,4908,70,220,220,220,4908,70,220,220,220,360,0
1802,120000,1,3,1,47,-1,-1,-1,-1,-1,-1,1051,671,291,1051,291,671,671,291,1051,291,671,1051,0
8613,30000,1,1,2,34,0,0,0,0,2,2,29160,29302,29698,31157,31714,30496,1494,1466,2501,1759,0,15912,0
13818,160000,1,2,1,60,0,0,0,0,0,0,18056,19385,20093,20643,20920,21336,1626,1334,884,758,763,942,0
8828,140000,1,2,2,61,0,0,0,0,0,0,131978,135760,127508,92126,69050,73537,6000,3600,2500,5000,5000,5000,0
82,360000,2,1,2,26,0,0,0,0,0,-1,23411,27796,30400,33100,180000,196,4796,3400,3100,146900,196,2963,0
21451,160000,2,2,2,24,0,0,0,0,0,0,39604,24023,21323,18933,12763,0,1378,1533,1000,255,0,0,0
13566,340000,2,1,1,38,-1,-1,-1,0,0,-1,4397,13840,10780,8201,7675,5653,13847,10780,0,2000,5653,1976,0
11760,100000,2,3,1,51,0,0,0,0,0,0,98918,96916,98492,89961,93971,85526,4523,4213,3100,10000,3220,3130,0
4178,60000,2,1,2,27,0,0,0,0,0,0,61015,58160,51237,29999,28972,29444,3016,5011,1005,1000,14000,3104,0
25771,360000,2,1,2,31,-2,-2,-2,-2,-2,-2,19847,15979,6450,13166,23964,5470,16059,6482,13242,24011,5497,5415,0
11213,130000,2,3,1,57,0,0,0,0,0,0,125824,80801,81929,41671,42034,32219,4000,4000,3000,2500,1500,2000,1
27286,280000,1,1,2,32,0,0,0,0,0,0,217798,202676,199490,181857,183324,177920,10050,10123,10001,6244,6315,7037,0
4809,190000,1,1,2,27,1,-1,0,0,0,0,-4370,82387,83701,85035,86482,88164,87998,3017,3029,3127,3433,3356,0
5970,170000,2,2,1,34,0,0,0,0,0,0,35348,34622,31450,28229,26422,15081,1402,1789,652,798,1081,173,0
12188,90000,2,2,2,23,-1,-1,-1,-1,0,0,13808,4300,2748,1048,450,450,4335,4448,6980,0,0,711,0
1160,80000,1,2,2,26,1,2,2,2,0,0,77389,75585,80300,75724,77504,79715,0,6000,0,3000,3500,3000,0
11208,170000,1,1,1,36,0,0,0,0,2,-1,82898,80400,29253,29196,22400,3605,10000,1400,2500,0,3605,0,0
14269,330000,1,1,2,32,-1,2,2,-1,-1,-1,2145,636,0,4009,0,2307,0,0,4009,0,2307,0,0
12547,90000,1,2,2,27,0,0,2,2,2,2,20249,44731,43712,52966,51988,56117,25000,0,10000,0,5000,3150,0
17090,80000,2,2,2,25,1,2,0,0,0,0,78894,79989,79882,67946,51435,53113,3000,3500,5000,2500,2500,2000,0
1095,50000,1,2,2,31,1,2,0,0,2,0,48657,45079,47714,19586,19143,20051,0,4300,2150,0,1204,1000,0
7,500000,1,1,2,29,0,0,0,0,0,0,367965,412023,445007,542653,483003,473944,55000,40000,38000,20239,13750,13770,0
25064,20000,1,3,2,55,0,0,0,0,0,0,19978,18910,18962,19886,18978,17124,1594,1476,1400,380,342,672,1
81,470000,2,3,3,33,0,0,0,0,0,0,165254,157784,162702,69923,29271,29889,6400,7566,3000,960,1000,3000,0
2590,210000,2,2,1,35,2,2,2,0,0,2,61189,62721,61115,62334,66196,64979,3100,0,2235,4870,0,2563,1
20399,20000,1,2,2,23,3,3,2,0,0,2,11859,11385,10916,12419,13904,13538,0,0,2000,2000,0,1400,1
13638,90000,2,2,2,26,0,0,2,0,0,0,87561,92996,89866,48574,41746,38486,8548,0,1527,1617,1490,659,0
21475,80000,2,2,1,28,0,-1,-1,-1,-1,-1,8432,928,3602,5495,10059,5700,928,3602,5495,10109,5700,3502,0
1175,140000,2,2,1,29,0,0,0,0,0,0,81764,92071,43777,22806,12643,29707,20167,5000,28800,2000,20007,10009,1
25258,50000,2,3,1,23,2,0,0,0,0,0,32847,29705,15445,16782,16960,17208,1941,1263,1600,754,671,831,1
29413,130000,1,1,1,29,1,2,0,0,0,0,118723,117323,38765,33349,33463,33795,3001,3000,2000,1000,666,2000,0
13193,120000,2,2,1,39,0,0,0,0,0,0,44630,37772,27827,3228,3294,0,1999,1040,265,66,0,0,0
17440,150000,2,1,1,31,0,0,0,0,0,0,138121,145763,134887,105822,86341,88072,10001,6712,5500,3400,3201,3403,0
22615,70000,2,1,2,37,0,0,0,0,0,0,64860,64533,48493,48824,19000,39000,2200,3000,1400,500,20000,0,0
8597,570000,1,1,2,29,-1,-1,-1,-1,-1,-1,4119,-1031,5100,5150,5150,5138,0,11500,5200,5150,5138,81438,0
7140,10000,2,3,1,48,0,0,0,0,0,0,7863,8504,8162,6978,2278,0,1172,1000,186,0,0,0,0
15881,120000,2,1,2,27,0,0,0,0,0,0,110994,29177,30212,31226,31844,32513,1471,1506,1520,1138,1180,1345,0
23317,360000,2,2,2,27,0,0,0,0,0,0,214711,179651,139310,143215,168839,171153,10440,13360,6123,28002,6116,10056,0
24814,20000,1,3,2,45,0,0,0,0,0,0,18011,18083,18500,19014,19019,17484,1500,1400,1243,638,2000,480,0
9003,30000,1,2,1,36,0,0,2,0,0,0,18441,19936,20803,21655,22646,23764,1800,1500,1500,1500,1500,1500,1
23036,360000,2,2,1,42,-1,0,0,0,0,-1,64268,45659,18875,7742,5572,131869,2339,4564,2200,1000,131869,3862,0
12393,30000,2,3,1,47,2,2,2,2,2,2,28073,28515,27150,28100,28104,28181,1800,0,2300,1200,1300,0,1
15767,10000,2,1,2,22,1,3,3,2,0,0,6251,6498,6744,6977,6593,7481,500,500,500,242,1000,273,0
18917,50000,2,1,2,29,0,-1,0,-1,-1,0,17250,8560,4725,8933,11784,9927,8560,1600,8933,11784,199,8287,0
15804,70000,2,2,2,24,0,0,0,0,0,0,61094,62483,63882,64733,66680,71243,3000,3000,2500,3000,5800,0,0
17298,80000,2,3,2,33,0,0,0,0,0,0,107044,103077,98328,93376,87491,80156,5000,5000,5000,2000,8500,3000,0
10875,150000,2,3,2,60,0,0,0,0,0,0,149892,137990,136171,100508,102610,101682,6780,4800,3496,3618,4000,3497,1
26372,170000,2,1,1,45,0,0,0,0,0,0,166388,165243,156688,151405,127090,126388,7300,7067,6443,4617,4711,4673,0
23826,30000,2,2,2,51,0,0,2,2,2,2,22473,25293,24602,27964,27232,29800,3200,1,3801,0,3001,0,0
22003,250000,2,2,2,29,0,-1,-1,-2,-1,-1,20687,14082,-38,-38,7581,5625,14158,0,0,7619,5653,652,0
10452,150000,1,2,2,27,0,0,0,0,0,0,9489,11757,12438,14240,15288,-1000,2500,1202,3000,1048,0,23799,0
13552,300000,2,1,1,39,-1,-1,-1,-2,-1,-1,1134,611,0,0,706,0,613,0,0,706,0,0,0
14463,50000,2,2,1,32,0,0,0,0,0,0,46610,45005,43448,15075,16534,16809,2021,1500,700,1700,700,623,0
9853,20000,2,2,2,25,0,0,0,0,0,0,17950,17330,18560,14509,17972,15352,2000,2000,1000,6000,1000,3000,0
16564,50000,1,2,1,27,0,0,0,0,0,0,46806,46176,47151,47251,20515,19404,2000,5300,1500,1100,1000,1000,0
29240,20000,1,2,2,24,0,0,0,0,-2,-2,15940,19222,20650,0,0,0,3572,2000,0,0,0,0,0
11144,180000,2,2,2,34,0,0,0,0,0,0,115700,119834,121342,124337,127181,130147,6000,5000,5000,5000,6000,5000,0
922,50000,2,1,2,24,0,0,0,2,0,0,27245,28300,31900,31090,31837,32555,1800,4400,0,1400,1400,1400,0
1166,140000,2,2,2,25,2,0,0,-1,-1,0,137606,140557,111000,3238,89437,91136,6000,3200,3238,89437,3228,3000,0
23849,220000,2,2,1,54,-1,-1,-1,-1,-1,-1,265,4786,2367,2873,11768,7484,4786,2367,2888,11768,7484,13062,0
28284,180000,2,2,1,42,-1,-1,-1,-1,0,0,390,390,390,17475,17425,17396,390,390,17475,611,629,625,0
19987,400000,2,2,1,37,-2,-2,-2,-1,0,0,2218,13181,4039,10692,18692,19565,13256,4039,10692,8000,9000,1000,0
11325,70000,1,2,2,29,0,0,0,0,0,0,34449,35009,21307,8840,8131,7535,1600,1300,500,1000,1000,1500,1
5617,20000,2,2,1,35,0,0,0,0,0,0,18126,19174,20095,18583,19313,36046,1347,1268,1000,1000,1000,1000,0
27811,30000,2,2,2,25,0,0,0,0,0,0,14045,15363,16108,17888,16505,16511,1555,1300,4894,1000,800,2200,0
10732,180000,2,2,1,33,-1,-1,-1,0,0,0,506,0,174,1974,3462,4114,0,174,1800,2600,2000,3500,0
10864,150000,2,2,2,24,-2,-2,-2,-2,-2,-2,1563,5689,490,0,2893,0,5689,494,0,2893,0,499,0
8420,110000,1,2,1,46,0,0,0,0,2,0,44953,47315,46997,50740,49115,49529,3087,1769,4512,0,1930,1601,1
2570,60000,2,3,1,59,0,0,0,0,-1,0,59174,60922,61800,0,51301,52327,3298,3000,0,51301,2029,2083,0
21022,230000,1,1,1,37,-2,-2,-2,-2,-2,-2,1464,1742,3267,800,2458,1880,1742,3267,800,2458,1880,2414,0
19760,310000,2,1,1,35,0,0,0,0,0,0,143072,153378,176904,174117,125526,108107,30000,30000,10054,10000,10000,5000,0
11148,500000,2,1,2,41,-1,-1,-1,-1,-1,-1,2345,3595,1537,360,0,785,3595,1537,363,0,785,0,1
27947,20000,2,2,2,29,0,0,0,0,0,0,12742,8438,9792,10990,13990,10000,1500,1500,1500,3000,2000,0,0
24509,80000,1,2,1,44,-1,-1,0,-1,0,0,1798,2302,1604,3612,2608,1604,2310,1100,3612,600,600,1631,0
18589,130000,2,1,2,26,-1,-1,-1,-1,-1,-1,11149,3150,8552,5459,2850,9611,3160,8591,5463,2855,9611,8901,0
2603,10000,1,3,2,25,2,0,0,0,0,-2,4693,5371,6327,6055,0,0,1300,1600,400,0,0,0,1
25513,30000,2,2,2,25,0,0,0,0,0,0,19309,20009,21034,22050,22490,22961,1325,1350,1366,806,834,836,1
29261,20000,1,2,2,25,0,0,0,0,0,0,13429,14502,15564,16600,17025,17381,1300,1300,1300,700,630,650,0
10538,200000,2,2,1,37,-1,-1,-1,0,-1,-1,24779,8313,1951,1951,3124,3259,8318,1951,0,3124,3259,0,0
25806,100000,2,1,2,28,-2,-2,-2,-2,-2,-2,-177,-207,1050,0,0,0,0,1257,0,0,0,0,0
24233,50000,1,1,2,27,1,-1,2,-1,-1,-1,-45,559,163,267,-129,325,1000,0,500,0,1000,500,1
15084,420000,1,1,2,32,-2,-2,-2,-2,-2,-1,11728,8860,4829,12181,7597,17772,8904,4866,12241,7635,17858,10057,0
165,60000,2,2,1,46,0,0,0,0,0,0,21148,23803,24908,26034,26655,27756,3000,1500,1500,1000,1500,1500,0
9224,310000,1,1,1,47,-2,-2,-2,-2,-2,-2,960,1863,2667,0,2654,0,1869,2681,0,2654,0,2397,0
7051,210000,2,3,1,55,0,0,0,0,0,0,217016,204418,204377,146575,144521,147938,8049,9000,6000,5500,5816,5500,1
17725,30000,2,3,1,50,2,2,2,2,-1,0,29468,29688,28919,28000,13393,10539,1000,159,28426,24682,12,0,1
2836,50000,1,1,1,27,2,2,2,2,0,0,43333,46308,47250,46192,46997,48221,4000,2000,0,1700,2000,3600,1
12565,400000,1,2,2,29,0,0,0,0,0,0,41008,42351,43146,44227,45062,46012,2005,1800,1800,1700,1700,1800,1
25628,50000,2,2,1,30,0,0,0,0,0,2,25422,26456,27835,29070,30891,54741,1450,1800,2000,2600,0,2020,1
731,50000,2,3,2,26,0,0,0,0,0,0,9935,11029,12795,9983,10884,7666,1234,2000,297,1000,307,361,0
19941,360000,2,1,1,39,1,-2,-2,-1,0,-1,-390,-390,-390,10872,10540,2203,0,0,11652,358,2203,390,0
16317,160000,2,3,1,36,0,0,0,0,2,2,92816,87606,82218,79438,72451,39831,5000,10000,5018,127,10015,69,0
28646,230000,2,2,2,38,0,0,0,0,0,0,75459,76607,78868,80343,82564,74531,3000,3500,3000,3500,3000,3000,0
10666,220000,2,1,1,41,0,0,0,0,0,0,157980,163974,140964,105353,100750,85261,11024,5198,6006,10362,5000,4000,0
22496,50000,2,3,3,46,-2,-1,0,0,0,0,-1494,2590,3506,19792,19422,19830,7084,1000,19286,664,689,761,0
9080,50000,1,2,2,26,1,5,4,8,7,6,48481,47426,56623,55815,55033,53625,0,10000,0,0,0,0,0
19319,160000,2,2,2,39,0,0,0,0,0,0,32930,20090,49448,38415,59138,77579,14000,40015,1625,32044,27248,3650,0
11553,210000,1,1,2,35,1,-2,-2,-2,-2,-2,-36,-18,-18,-18,-18,-18,0,0,0,0,0,0,0
22376,230000,2,1,2,31,-1,-1,2,-1,-1,0,2155,2010,165,5908,283,283,2010,0,5908,283,133,0,0
9660,140000,2,1,2,29,1,2,0,0,0,0,144922,141289,137377,93261,95368,97063,17,5547,3242,3512,3333,4383,0
13825,230000,1,1,1,42,2,0,0,0,0,0,222059,161817,160270,60604,60986,62195,7300,4160,2308,2300,2223,2304,1
18547,150000,2,2,2,25,0,0,0,0,0,0,38494,38667,32794,30786,24250,20052,1516,1693,2007,1007,1000,1000,0
14716,100000,2,2,1,39,0,0,0,0,0,0,100549,94471,57529,58070,58615,58760,3711,3155,1696,1889,1764,1714,0
18267,200000,1,2,1,53,1,-1,-1,-2,-2,-1,0,2920,0,0,0,6753,2920,0,0,0,6753,0,1
16252,30000,2,1,2,25,0,0,3,2,2,2,24709,28970,28233,27481,29484,30157,5000,0,0,2471,1300,4800,0
27541,180000,1,3,1,65,0,-1,0,0,0,0,191309,174775,174702,176816,180911,123229,175100,7000,5000,5309,5288,3000,1
27925,130000,2,2,1,26,0,0,0,0,0,0,45563,46607,47329,45854,46822,47567,2100,1807,1800,1701,2002,1853,0
3153,460000,2,1,2,39,0,0,0,0,0,0,89095,93634,111899,199682,177073,175979,6000,20000,90000,9000,10000,10000,0
21754,80000,2,2,2,24,0,0,0,0,0,0,75125,77353,78321,73731,39643,39457,3503,5001,2092,1218,1445,878,0
27223,160000,1,1,2,30,1,-1,-1,-1,0,-1,0,650,0,650,325,325,650,0,650,0,325,325,1
11509,330000,2,2,2,33,1,-2,-2,-1,0,0,-271,-1648,-2437,95131,46017,46470,0,0,102680,1728,1695,2000,0
6203,210000,2,2,1,39,-1,-1,-1,-1,-2,-1,44100,0,28428,0,0,12000,0,28428,0,0,12000,33664,0
28401,160000,2,1,1,47,1,-2,-2,-2,-2,-2,0,0,0,0,0,0,0,0,0,0,0,0,0
22453,50000,2,2,3,44,0,0,0,0,0,0,42941,44002,43378,28048,28477,29056,1800,2122,1600,1000,1000,1000,0
23758,290000,2,2,1,49,0,0,0,0,0,0,282538,281749,238490,86202,83155,84927,10711,12915,2962,2863,2996,3257,1
29500,50000,1,1,1,40,0,0,0,0,0,0,47695,48879,44765,31240,20343,12349,2017,3000,2000,3007,1003,1500,0
16146,340000,2,2,1,45,-2,-2,-2,-2,-2,-2,3253,15865,1946,546,546,590,15886,1946,546,546,590,550,0
24163,60000,1,1,2,29,0,0,0,0,0,0,11976,13462,15231,16966,17878,19085,2000,2000,2000,1500,1500,1500,0
28846,90000,2,2,2,48,-2,-2,-2,-2,-2,-2,6224,8150,0,0,9167,0,8150,0,0,9167,0,526,0
10189,360000,1,3,1,41,-1,-1,-1,-1,-1,-1,498,498,498,498,498,498,498,498,498,498,498,498,1
10107,290000,1,1,1,41,1,-2,-2,-2,-2,-2,0,0,0,0,0,0,0,0,0,0,0,0,0
13806,230000,2,1,2,27,0,0,0,0,0,0,70327,66310,54176,42944,40391,35820,2963,1941,1534,1532,1565,1330,0
2593,480000,1,1,1,49,1,-1,-1,-1,-1,0,-220,38929,339176,33146,37337,33777,39149,344261,33312,37511,31383,10633,0
19483,120000,2,1,2,28,-1,-1,-1,-1,-1,0,3564,2063,768,3096,2677,2592,2063,768,3146,2677,0,0,0
5127,30000,2,5,2,23,2,2,-1,-1,-1,-1,2826,2068,16952,15336,24336,436,0,16952,16104,14000,486,0,0
3211,230000,1,3,2,30,1,2,2,3,2,2,213894,218966,238075,233210,233833,190628,10040,28341,0,6508,187,5000,0
16974,170000,2,2,2,27,0,0,0,0,0,0,48947,35777,37589,29079,27134,27734,10000,3037,5018,5006,3024,3309,0
17001,50000,2,2,2,22,0,0,0,0,0,0,24775,25971,26666,27324,29596,26226,2001,1501,1501,3001,919,3501,0
8723,50000,1,2,2,50,0,0,-2,-2,-2,-2,25925,0,0,0,0,0,0,0,0,0,0,0,0
24014,20000,1,2,2,24,2,2,2,0,0,-1,17996,19102,19117,19664,10000,4060,2100,1000,1000,1100,4060,0,1
22636,300000,2,2,2,47,0,0,0,0,0,0,225542,212958,195533,98158,66438,68863,7055,5536,5052,1794,5000,2000,0
10468,110000,1,2,2,24,2,2,2,2,2,2,101402,104878,105325,102220,107970,103301,6600,3700,0,7500,0,3906,0
5628,140000,2,2,2,36,0,0,0,0,0,0,134183,136457,97395,99249,77188,71675,8144,6812,5036,3000,15000,10000,0
15365,360000,2,1,1,48,-1,-1,-2,-1,-1,-1,485,-15,-15,12588,1243,-6,0,0,12603,1250,0,420,0
11293,140000,2,2,1,37,1,-1,-1,0,0,-2,0,177,1460,1460,0,0,177,1460,0,0,0,0,1
921,260000,2,1,2,33,1,-2,-2,-2,-1,-1,0,0,0,0,1980,2500,0,0,0,1980,2500,0,0
26795,220000,1,1,2,27,0,0,-1,-1,-1,-1,34686,8,1744,55164,49967,7839,8,2178,55200,50148,10107,0,0
16394,180000,2,2,2,43,-1,-1,-1,-1,-1,0,543,-535,2145,12532,655,390,0,3212,12532,655,157,2063,0
12567,130000,1,2,2,25,0,0,0,0,0,0,4841,6750,7559,5198,5198,5198,2000,1000,2200,0,0,0,0
25189,100000,2,2,1,22,0,0,0,0,0,0,100192,93394,43004,50196,79217,78771,3000,3000,8000,30000,3000,4000,0
2723,140000,1,1,2,41,2,2,2,0,0,0,138379,143684,139902,142729,142406,142694,9000,0,6800,40000,5600,5900,1
25052,400000,1,3,1,53,0,0,0,0,-1,0,15090,17934,21264,29811,58472,101092,4004,5002,10004,70001,84003,20000,0
17888,450000,1,1,2,29,1,-2,-2,-2,-2,-2,1261,1261,1261,1261,1261,1261,1261,1261,1261,1261,1261,1261,0
10118,220000,2,1,2,29,1,-1,-1,-1,-1,-1,0,3003,2646,1125,0,3455,3003,2646,1125,0,3455,1000,0
26259,180000,2,1,1,33,-1,-1,-1,-1,-1,-1,4520,1449,1730,2215,1525,1050,1453,1731,2215,1525,1050,1440,0
19331,320000,2,1,1,41,0,0,0,0,0,0,59807,68080,67745,91798,90936,92588,10000,4200,30000,7,3000,0,0
6673,120000,2,1,2,31,-1,-1,-1,-1,-1,-1,643,586,3660,5754,5666,5666,586,3660,5754,5666,5666,6246,0
1457,50000,2,3,3,43,0,0,0,0,0,0,24443,24391,23595,22590,21788,21949,1800,1400,800,1000,900,900,0
29465,200000,1,1,1,28,-1,-1,-1,-1,-1,-1,1867,994,2058,1546,2215,1828,997,2064,1550,2229,1833,808,1
22840,120000,2,3,1,38,0,0,0,0,0,0,111098,114863,118038,118805,59210,61267,5600,6500,5000,3000,3000,3000,0
2182,110000,2,3,2,31,0,-1,-1,-1,-1,-2,2705,2487,2500,2500,0,0,2487,2700,2500,0,0,0,0
19515,210000,2,2,2,30,1,-2,-1,-1,2,0,0,0,474,17171,16625,17030,0,474,17171,0,800,5000,0
19657,100000,2,1,2,33,-1,2,2,-1,0,0,5640,1570,0,3198,3198,5198,0,0,3198,0,2000,3348,0
25817,200000,2,1,2,45,-1,-1,-1,-2,-2,-2,2377,221,0,0,0,0,221,0,0,0,0,0,0
3892,80000,2,3,1,45,0,0,-2,-2,-2,-2,80250,0,0,0,0,0,0,0,0,0,0,0,0
26673,130000,1,5,2,27,1,2,0,0,0,0,136378,129545,131045,128104,121641,123470,0,5115,4527,4500,8908,5,0
2662,320000,2,2,1,53,0,0,0,0,0,0,33589,34608,38544,44486,52319,51764,3000,6000,8000,10000,1900,2000,0
17344,170000,2,2,2,31,0,0,0,-1,-1,-2,20625,21386,0,522,0,0,1700,0,522,0,0,0,0
11268,360000,1,1,1,37,-1,-1,-1,-1,-1,-1,25078,20970,14407,6820,10099,7806,21006,14430,6820,10099,7806,7862,0
24401,140000,1,2,1,38,2,2,2,2,2,2,53797,55007,56128,56713,55796,56251,2700,2600,2100,600,1500,4545,1
2484,80000,2,2,1,23,-2,-2,-2,-2,-2,-2,780,0,390,390,390,540,0,390,390,390,540,390,1
15820,300000,2,1,2,27,1,-2,-2,-1,-1,-2,-2,-2,0,876,0,0,874,876,876,0,0,0,0
20645,130000,1,1,1,42,-1,2,-1,-1,0,0,390,390,955,1170,1170,780,0,955,1170,0,0,0,1
9048,20000,1,1,2,25,1,-1,2,2,2,2,0,1825,1346,587,338,1239,3650,0,300,0,1000,0,0
5122,200000,1,1,1,37,-1,2,-1,-1,-1,-1,446,123,123,200,123,280,0,123,200,123,280,151,1
3917,50000,1,3,2,26,2,0,0,0,0,0,50951,49139,46802,47622,48686,47459,2500,2100,1900,2000,1746,1890,1
18858,180000,2,1,2,28,-1,-1,2,0,0,0,390,1345,955,1565,2175,2159,1345,0,1000,1000,400,1000,0
24333,50000,1,2,1,49,2,2,0,0,0,0,49943,47585,47582,21391,21867,19774,0,2500,1300,2000,700,1000,1
20806,30000,1,2,1,37,0,0,0,0,0,0,15054,15104,15428,16273,16305,780,1551,1265,1500,841,0,0,1
22973,50000,2,2,2,36,0,0,2,0,0,0,23368,27050,27086,28525,30895,33003,4400,761,2200,2862,2770,2200,1
28743,400000,2,1,2,29,-1,-1,0,0,0,0,16666,62545,98214,84142,70732,68674,62545,53704,4142,5010,66676,66660,0
6881,70000,2,3,2,42,0,0,0,0,0,0,69470,70279,70207,30348,28320,28704,3085,2808,2455,1337,2000,882,0
5521,50000,1,3,1,39,0,0,0,0,0,0,26979,21029,18765,19145,19229,19026,1328,1298,678,687,691,700,0
14150,210000,1,3,2,27,-1,-1,-1,-1,0,0,22431,2004,45408,28138,6356,2900,2010,45408,28138,2900,0,22427,0
20424,270000,1,1,2,27,0,0,0,0,0,0,176380,188744,194534,199524,203514,208396,15000,10000,7841,6930,7800,7730,0
25391,220000,2,2,2,29,0,0,2,0,0,0,43596,45765,41308,39770,31840,33173,6000,2,3006,2000,2000,1500,0
26691,110000,1,1,2,26,0,0,0,0,0,0,58301,57861,47409,47743,45654,26525,2179,2191,1525,18236,1500,2000,0
26893,20000,1,2,2,38,1,3,2,2,0,0,26288,23822,22922,22140,19170,17170,0,1500,18,2383,0,0,0
5725,50000,2,1,2,25,2,2,2,2,2,2,45708,48862,47748,50799,49904,49978,3900,0,3800,0,4000,0,1
23442,270000,2,1,1,40,-1,-1,-1,0,0,0,9658,8714,6425,10116,15953,19556,8781,6425,6000,8000,6000,6000,0
25773,420000,2,2,1,33,0,0,0,0,0,0,52018,60519,67083,69424,63523,60630,10000,10083,10094,10000,2500,5000,0
14880,170000,1,1,2,28,0,0,0,0,0,0,73254,68005,63311,57304,51663,45795,2500,3000,2200,2000,1700,1500,0
15245,80000,2,2,1,37,-1,0,0,2,2,2,28652,29869,33071,33531,34184,33503,2000,4000,1300,1500,0,1300,0
14383,20000,1,3,2,25,0,0,-1,-1,-1,-1,3556,3271,798,798,798,408,1481,798,798,798,408,1188,0
20661,10000,1,3,2,36,-1,-1,-1,-1,0,0,576,3100,3629,6260,5990,6520,4009,4011,6260,120,2000,2000,1
311,400000,2,2,1,38,-1,0,-1,-1,0,-1,3697,3600,1354,5322,5103,2077,1000,1354,5322,6,2386,9085,0
8728,30000,1,2,1,45,1,2,2,0,0,2,14286,15304,14766,14763,16662,16247,1542,0,539,2148,0,724,1
14359,210000,2,2,2,27,0,0,0,0,0,0,115583,130020,133963,115989,101628,104809,25000,15103,5000,4000,5000,5000,0
18741,240000,2,2,2,26,-1,-1,-1,-1,-1,-2,2335,2335,0,4670,0,0,2335,0,4670,0,0,0,0
24767,430000,1,2,1,38,-2,-2,-2,-2,-2,-2,18517,23565,34028,28407,33608,52015,23565,34028,28418,33651,52015,21000,0
18460,30000,2,2,2,23,0,0,2,0,0,0,20194,24860,24180,25467,26241,30637,5000,0,2000,1500,5000,2528,0
29054,20000,2,2,1,50,1,-1,-1,-1,2,-1,0,390,181,891,501,1051,780,181,1100,0,1100,4030,0
28490,110000,2,2,1,37,0,0,0,0,0,0,20733,21738,22760,23466,24085,24584,1602,1624,1330,949,976,988,0
6622,50000,2,2,1,41,2,2,2,0,0,0,36329,36711,28415,18459,16077,12428,3406,0,640,660,296,60,1
11709,20000,1,2,2,25,0,0,2,2,2,2,15859,18486,18686,18983,18540,19775,3200,800,900,0,1700,0,0
20984,20000,1,2,2,34,2,2,2,0,0,0,17497,20690,20075,19492,19859,19232,3500,0,1500,805,7000,542,1
4324,500000,1,2,2,31,2,2,2,0,0,0,533142,504834,413844,305875,46420,14540,3089,14000,14000,1500,14000,2000,0
23280,360000,2,2,1,37,-2,-2,-2,-2,-2,-2,10072,7728,2344,9536,9043,0,7728,2344,9536,9043,0,2909,0
4306,100000,2,3,1,36,-1,-1,-1,-1,-1,-1,1490,0,210,0,90,90,0,210,0,90,0,0,0
15530,260000,1,1,2,33,0,0,0,0,0,0,93767,80944,67691,53334,76056,64968,3014,3017,2016,43000,2000,2000,0
17056,50000,2,3,1,22,2,2,2,2,2,2,40247,40189,43434,44316,45189,46214,900,3900,1900,1900,1900,3600,0
21939,90000,2,2,2,27,0,0,2,0,0,0,97973,100442,89242,82784,53609,49048,12500,2,5085,5000,3000,1004,1
24803,140000,1,2,2,26,0,0,0,0,0,0,21513,23147,24766,25782,27348,30820,2000,2000,1434,2000,4100,0,0
22401,260000,2,5,1,28,0,0,0,0,0,0,237212,228643,231156,223415,158739,159210,8006,7550,8080,4645,5047,4528,0
13328,30000,1,1,2,27,0,0,0,0,-1,-1,18239,17963,18425,1183,2000,0,2000,3000,300,3000,0,0,0
8190,130000,2,2,2,25,-2,-2,-2,-2,-2,-1,668,1017,1298,550,-286,55138,1200,1300,964,1698,60549,5000,1
26845,180000,1,1,1,42,-1,-1,-1,-1,-1,0,326,326,326,326,652,326,326,326,326,652,0,326,0
8855,50000,1,2,2,42,0,0,0,0,0,0,47689,42338,31539,17342,17541,18149,2000,1281,700,700,1000,1000,0
22606,260000,2,2,1,43,-1,-1,-1,-2,-1,-1,684,1726,0,0,5055,5996,1742,0,0,5055,5996,5648,0
28868,210000,2,1,1,46,0,0,0,0,0,0,50720,52174,48957,49848,59060,60420,3111,2109,2000,10000,6032,5030,0
24239,50000,1,1,2,29,0,0,0,0,0,0,51234,51227,50936,49823,50990,50998,2300,2100,2000,2000,2100,3000,0
22028,240000,2,1,1,29,0,0,0,-1,0,0,41923,21409,17833,194043,194991,192800,1779,1000,194043,6530,7000,7000,0
12206,240000,2,1,2,30,1,1,-2,-2,-2,-2,9028,-1868,-1868,-1868,-1868,-1868,0,0,0,0,0,0,1
4961,210000,2,1,1,34,0,0,0,0,0,0,200239,195025,165356,116351,95854,91173,9510,7000,10079,4500,3532,3500,0
23021,280000,2,2,1,38,0,0,0,0,0,0,242864,237821,223180,237301,201226,207802,11000,11000,20000,10000,10000,15000,0
10586,160000,2,2,1,45,-1,-1,-1,-1,-1,-1,19477,10477,7396,5224,16989,1640,10528,7433,5245,17053,1647,30028,0
20274,320000,2,1,2,50,-1,-1,-1,-1,0,0,1999,729,2462,12360,10943,9597,730,2472,12360,0,237,3417,0
7395,30000,2,3,1,31,3,2,2,2,2,2,23368,24688,24988,24288,26098,25530,2000,1000,0,2200,0,1100,1
5571,150000,1,1,2,33,0,0,0,0,0,-2,26739,32939,34300,35100,-1200,-1200,7000,2500,1000,0,0,0,0
15796,70000,2,2,2,25,0,0,0,0,2,2,73939,70488,51152,35122,28633,28039,3000,2000,4500,1200,0,1200,1
16693,150000,1,2,2,35,-1,-1,-1,-1,-1,0,13059,11526,18301,15858,2744,2144,11526,18305,15861,2744,0,19682,0
29366,50000,1,2,2,24,0,0,0,0,0,0,10912,10401,20916,20658,9426,8215,2152,1209,1080,438,434,390,0
29233,50000,1,2,2,24,0,0,0,0,0,-1,49411,50385,50207,48974,19090,780,2100,2183,1211,1362,390,780,0
7790,250000,2,2,2,26,0,0,0,0,0,-1,46467,17787,18852,24097,19152,1547,1500,1500,5645,500,1547,0,0
23955,20000,1,2,2,24,0,0,0,0,0,0,10768,12087,13115,14190,14328,14629,1502,1530,1600,670,680,686,0
24761,30000,1,2,2,35,-1,2,2,-1,-1,-2,780,390,0,780,0,0,0,0,780,0,0,0,1
27175,190000,1,2,2,38,0,0,0,0,-1,-1,3816,4575,5029,6494,678,11928,1100,1300,2000,678,11514,0,0
25487,600000,2,1,2,31,-2,-2,-2,-2,-2,-2,-84,115,349,-9,-9,-9,700,349,9,0,0,0,0
1357,80000,1,2,2,29,0,0,0,0,0,0,41815,42938,44022,44792,45915,46998,2100,2100,1800,2000,2000,2500,0
15254,180000,2,1,2,37,0,0,0,0,0,0,34607,43623,46667,31931,33928,35235,10000,5000,15000,5000,2000,5000,0
25748,110000,2,2,1,28,0,0,2,0,0,0,96131,106932,103381,75794,76947,79105,14000,27,4000,3000,3000,10000,0
7761,80000,1,3,1,38,-1,-1,2,0,-1,2,6270,14412,12540,1261,2705,1261,19421,0,0,2705,0,1261,1
15110,210000,1,2,1,44,1,2,0,0,0,0,236136,220847,216703,206635,96240,88040,0,9400,5000,2000,1800,10000,0
26999,300000,1,2,1,45,-1,-1,-1,-1,-1,-1,360,360,360,360,1440,360,360,360,360,1440,360,360,0
21237,220000,1,3,1,48,1,-2,-2,-2,-2,-2,0,0,0,0,0,0,0,0,0,0,0,0,0
12240,200000,2,2,2,29,0,0,0,0,0,0,170964,174509,176523,180295,184104,195976,7788,6400,6700,6907,20163,1000,1
9850,100000,2,1,2,25,0,0,0,0,0,0,11801,12905,14378,14838,15447,16539,1600,2000,1000,1000,1500,0,0
25427,100000,2,2,2,26,2,2,0,0,0,0,88728,86405,88636,83516,39871,39626,0,3639,2347,3901,1327,530,1
686,360000,1,1,1,47,-1,-1,-1,0,-1,-1,1548,-32,177639,174397,4852,4125,0,177671,3508,4876,4188,10007,0
1117,150000,2,2,2,37,0,0,0,0,0,0,80463,82513,84271,43832,33963,34638,3348,3490,1402,1233,1240,1284,1
19235,150000,2,1,2,37,1,-2,-1,-1,-1,-2,0,0,689,2943,-6159,-6159,0,689,2943,0,0,16007,0
5011,20000,1,3,2,26,0,0,-2,-2,-2,-2,16320,0,0,0,0,0,0,0,0,0,0,0,0
3136,100000,2,1,2,26,0,0,0,0,0,0,96353,99710,102093,97701,99322,98787,4900,5000,4000,3800,3710,4100,0
5440,110000,2,2,1,42,2,2,2,2,2,0,28383,27653,29003,29447,27701,28285,0,2000,1000,0,1000,1000,0
26480,30000,2,2,1,54,0,0,0,0,0,-1,33494,32978,32415,30324,31124,25502,2506,2430,1300,1000,34436,950,1
23029,210000,2,2,1,45,0,0,0,0,0,0,203273,188955,183774,152509,136376,131656,6515,7113,6011,4471,4513,4261,0
11273,20000,1,2,1,45,4,3,2,0,0,0,21605,20987,20200,19600,19600,20000,0,0,0,0,400,0,0
25996,80000,2,2,1,47,2,0,0,0,0,0,80019,81145,79171,63448,46989,47867,3111,3667,3063,2000,2000,2428,1
5726,280000,2,1,1,37,1,-2,-2,-1,-1,-1,449,12487,-10,3090,240,2010,12611,0,3100,240,2010,212,0
29827,100000,1,3,1,49,0,0,0,0,0,0,99721,86232,83745,79107,63811,48863,3500,5000,3000,3000,1732,4700,0
9901,20000,2,2,1,39,1,2,0,0,0,0,19565,18968,19612,16213,16812,18382,0,1300,717,1000,2000,1000,0
26919,120000,1,2,2,34,0,0,0,2,2,2,49206,50386,54656,54963,55865,54842,2000,5100,1800,2400,0,5500,0
26185,450000,2,2,1,38,-2,-2,-2,-2,-2,-2,390,390,390,390,390,390,390,780,390,390,390,390,1
11190,90000,2,2,2,29,0,0,2,0,0,0,83158,91759,88487,88201,87219,86803,12128,0,3301,3136,3156,3244,0
26662,50000,1,2,2,24,0,0,0,0,2,0,50140,15519,19520,21103,20101,20402,3000,5000,2300,0,1000,2000,0
27904,90000,2,3,2,23,0,0,-1,-1,0,-1,94806,119836,21836,11036,29836,986,30000,30000,11036,19836,986,21615,0
4383,40000,2,2,1,51,0,0,0,0,0,0,144397,147924,26974,22710,37977,39347,3988,2014,799,32001,2000,1000,1
8433,150000,2,1,2,27,0,0,0,0,0,2,138066,140522,138722,130494,147851,145535,5767,6100,30000,19227,0,2606,0
22801,170000,2,1,2,30,0,-1,-1,-1,0,0,15220,8404,16835,2200,7510,12510,8404,16835,2200,5510,5000,8100,0
20125,80000,2,2,1,36,0,0,0,0,0,0,22657,19940,19870,18155,11119,5203,1320,1540,1005,222,1000,2000,0
8777,220000,2,1,2,29,-1,-1,-1,-1,-1,-1,13488,16105,17563,13184,14111,15549,16130,17563,13184,14111,20239,179580,0
29979,310000,1,2,1,39,0,0,0,0,0,0,238973,237196,233854,219409,216540,210675,10029,9218,10029,8049,8040,10059,0
2500,340000,2,1,2,26,0,0,0,0,0,0,337871,311076,156674,129651,126192,94722,11208,5000,23809,4136,3600,3169,0
992,260000,2,1,1,44,-1,2,2,-1,-1,-2,1215,856,291,803,98,431,0,291,803,98,431,1104,1
13976,160000,1,2,1,35,-2,-2,-1,-1,-2,-2,1822,2229,7110,1539,-1,1238,2229,7116,1539,0,1240,598,0
21396,300000,1,1,1,55,-2,-2,-2,-1,-1,-1,14202,0,0,11940,17693,2402,0,0,11940,17693,2402,0,0
25882,450000,2,2,2,34,-2,-2,-2,-2,-2,-2,3752,513,0,4376,0,0,513,0,4376,0,0,0,0
26973,440000,1,2,2,42,0,0,0,0,0,0,64786,45923,47256,50727,50064,59017,5000,3000,5000,5000,10000,8000,0
6970,450000,2,1,2,45,1,-2,-2,-2,-1,-1,0,0,0,0,4595,198,0,0,0,4595,198,5095,0
34,500000,2,2,1,54,-2,-2,-2,-2,-2,-2,10929,4152,22722,7521,71439,8981,4152,22827,7521,71439,981,51582,0
11684,50000,1,2,1,50,-2,-2,-2,-2,-2,-2,3526,-4,1473,2517,1217,4459,0,1477,2524,1320,4572,2206,1
19037,50000,2,2,1,36,0,0,0,0,0,0,49872,32918,33998,34852,14163,14362,1600,2500,2000,1000,1000,1000,0
18260,20000,1,2,1,61,3,4,3,2,2,4,18618,18040,17471,16893,21318,20412,0,0,0,4726,0,0,1
21565,80000,2,2,2,23,1,2,2,2,2,2,68594,66893,72307,70556,74021,75675,0,6507,0,5260,3000,4584,0
9253,170000,2,2,2,34,-1,-1,-1,-1,-1,-1,8069,2855,11744,5886,12916,3177,2855,11900,5886,12916,3177,4511,1
2805,120000,2,2,1,30,-1,-1,-1,-1,0,-1,686,686,686,1372,686,836,686,686,1372,0,836,686,0
14464,500000,1,1,2,35,-1,0,0,0,0,-1,1369,6138,20424,7840,846,790,4769,19629,157,0,790,860,0
24317,170000,1,1,1,35,0,0,0,0,0,2,136460,139216,143695,145550,154113,151786,4800,6500,5500,10774,0,5500,0
8825,190000,1,2,2,28,-2,-2,-2,-2,-2,-2,0,0,0,0,0,0,0,0,0,0,0,0,1
8440,130000,2,1,1,46,0,0,0,0,0,0,147582,138996,140558,90522,90917,92330,5394,4229,3211,3297,3312,3381,1
21287,110000,1,3,1,57,-1,-1,-1,-1,-1,-1,390,390,390,390,390,390,390,390,390,390,390,390,0
18857,80000,2,1,2,27,0,0,0,0,0,0,52652,53774,54909,56035,57598,59164,2000,2000,2039,2500,2500,2500,1
7352,210000,2,2,2,30,0,0,2,2,2,0,89670,94043,85022,90779,84209,70162,7500,103,10000,0,3000,2000,0
22251,60000,2,2,2,25,0,0,0,0,0,0,7885,9244,11082,12133,16891,17615,1500,2000,1242,5000,1000,700,1
7233,30000,2,2,2,36,-1,-1,-1,0,0,-1,390,390,780,390,0,780,390,780,0,0,780,0,0
7540,360000,2,2,1,42,-1,-1,-1,-1,-2,-2,44380,968,990,390,390,3103,968,990,390,390,3103,0,0
2887,250000,1,2,1,47,-2,-2,-2,-2,-2,-2,8996,18069,7966,3470,3128,2966,18069,7966,3470,3128,2966,3419,0
14214,20000,2,3,1,38,-1,-1,0,0,0,-1,1118,12776,11417,16449,6989,2021,12783,1000,6782,670,2021,0,0
19645,300000,2,2,1,30,-1,2,-1,-1,-1,-1,10940,10104,1610,2749,155,3167,0,1610,2768,155,3167,435,0
17909,130000,1,3,1,34,2,2,2,2,0,0,69388,70650,71933,70117,72014,73759,3000,3000,0,3000,3000,3111,1
11395,30000,1,2,2,31,2,0,0,0,0,-1,23559,23381,540,150,-30,170,1000,500,0,600,200,5183,0
26981,250000,1,3,1,42,0,0,-2,-2,-2,-2,41300,0,0,0,0,0,0,0,0,0,0,0,0
6036,280000,1,1,1,45,-1,-1,-1,-1,-1,-1,2270,1703,-15,30943,15631,17508,1703,0,30958,15631,17508,10049,1
16689,200000,1,1,1,44,-1,2,2,-2,-2,-2,655,265,-125,-515,-905,-905,0,0,0,0,0,0,1
16313,140000,2,2,2,38,0,0,0,0,0,0,139001,141453,132415,130305,79775,74462,4826,8000,3100,3000,5417,0,0
12251,340000,2,2,1,39,-2,-2,-2,-2,-2,-2,93767,65758,353,5674,3344,3406,65758,359,5674,3692,3406,2622,0
4206,130000,1,2,2,25,0,0,2,2,2,0,112561,119435,105382,49643,46812,45914,12421,0,7000,0,2000,1822,0
22525,190000,2,1,2,38,0,0,0,0,0,0,39468,33983,35042,35699,36410,38067,2151,1910,1558,1269,2209,123347,0
22860,300000,2,2,1,33,-1,-1,-1,-1,-1,0,996,1496,1496,1496,2490,1996,1500,1500,1500,2494,1006,1498,0
1986,50000,2,2,2,49,2,0,-1,-1,-1,0,38947,37799,3,18080,12227,13296,2000,1000,19000,12500,2000,2000,1
21024,50000,1,3,1,43,0,0,0,0,0,0,27620,28923,29955,30666,31275,31940,1767,1799,1510,1119,1169,2000,1
13133,200000,2,1,2,38,-2,-2,-2,-2,-2,-2,0,0,0,0,0,0,0,0,0,0,0,0,0
27922,220000,2,1,2,28,0,0,0,0,0,0,215779,196299,202596,198845,194885,92905,8600,11000,6000,10082,3400,3825,0
14638,10000,2,3,3,52,2,0,0,2,0,0,9970,9625,9622,7773,5968,5380,2001,1801,0,700,1300,3200,1
17510,410000,2,2,1,43,0,0,0,0,0,0,6917,7548,8726,9760,9570,8935,1130,2000,2200,312,500,363,0
26014,310000,2,1,2,28,0,0,0,0,0,0,269832,261818,234621,242570,246073,248376,15327,10000,12000,9019,10024,15040,0
24702,280000,1,1,2,38,0,0,0,0,0,0,138984,140300,145127,145571,115765,118190,4900,6918,7100,4388,4500,4300,0
24521,350000,1,2,2,33,0,0,0,2,0,0,25507,26580,31802,30895,27158,27927,1800,6000,0,1000,1000,668,0
23900,20000,1,2,2,23,2,0,0,2,2,-2,15021,17452,19853,19437,0,0,6000,3000,295,0,0,0,1
3253,210000,2,2,1,33,-1,-1,-1,-2,-1,-1,98,1090,0,0,580,500,1120,0,0,580,500,0,0
2204,60000,1,1,2,30,0,0,0,0,2,2,59959,49744,48257,46353,45481,48373,10020,4000,4000,0,3800,0,0
654,450000,2,1,1,42,1,-2,-2,-1,-1,-2,-200,-200,0,42000,0,0,0,200,42000,0,0,0,1
26448,340000,2,2,1,48,0,0,0,0,0,0,310866,320685,320614,21768,22405,24545,15000,7000,1500,1000,2500,112500,0
7611,70000,2,2,2,24,2,2,-1,2,2,2,71339,69515,59878,58318,61865,63695,6,62343,0,4500,3000,2500,0
2657,100000,1,1,2,27,0,0,2,2,2,2,36014,39321,39145,39494,39896,28256,4200,900,1400,900,6440,500,1
8634,140000,2,1,1,31,-2,-2,-2,-2,-2,-2,1094,421,-6,2319,4051,418,422,0,2325,4063,419,969,0
28038,500000,2,1,2,29,0,0,0,0,-1,-1,28555,33055,42392,36641,12149,426518,5000,10000,5132,12159,426529,20016,0
25778,110000,2,2,1,33,0,0,2,2,2,2,84880,90834,92696,93794,91392,97029,8300,4200,3500,0,7300,3800,0
24488,20000,1,2,1,34,0,0,0,0,0,2,9662,10673,11998,13010,13750,13389,1180,1505,1517,1257,0,900,1
851,40000,2,2,2,23,0,0,0,2,2,6,20035,21406,24735,24050,43317,44059,2000,4000,0,20000,2000,0,0
3921,230000,2,1,2,35,-1,-1,-2,-2,-2,-2,2630,0,0,0,0,0,0,0,0,0,0,0,1
723,180000,2,1,2,27,1,-1,-1,-1,-1,-1,0,3338,3333,3333,3333,3333,3338,3333,3333,3333,3333,3333,0
21325,150000,1,1,2,50,-1,-1,-1,-1,-1,2,829,18311,3023,2914,3529,2989,18400,3500,3025,3600,0,1600,0
23740,80000,2,2,2,51,0,0,0,0,0,-1,80106,43289,21017,12883,-217,45966,1400,1500,1000,0,46700,1700,1
9705,190000,2,2,1,34,-1,-1,-1,-2,-1,-1,500,300,0,0,418,964,300,0,0,418,964,670,0
18109,350000,1,1,2,34,0,0,0,0,0,0,259524,213822,220211,225601,105586,111276,8432,9000,9500,10000,7000,10000,0
28623,80000,2,3,1,41,0,-1,-1,-1,-1,-1,42124,1833,2446,834,1596,855,1835,2458,834,1600,855,0,0
18830,340000,2,1,1,29,-1,0,0,0,0,0,11806,13535,18784,26069,20007,15857,10000,6000,23000,400,5857,6500,0
6300,70000,2,2,2,24,-2,-2,-2,-1,-1,0,63912,53137,45078,6823,28989,29059,2400,2000,1000,30848,975,863,0
13196,180000,2,2,2,31,1,-2,-2,-2,-2,-2,0,0,0,0,0,0,0,0,0,0,0,0,1
28726,200000,2,1,1,37,-1,-1,0,-1,0,0,1382,23942,18143,11770,22155,13235,23994,10112,11770,12155,3000,30075,0
28248,30000,2,2,1,32,0,0,-2,-2,-2,-2,3454,-2,-2,-2,708,940,0,0,0,710,1042,0,0
438,110000,1,3,1,37,0,0,0,0,0,0,61807,62499,62162,60605,60272,60145,2300,2200,2300,2200,2300,2300,0
14775,370000,2,1,2,28,0,0,0,0,0,0,68452,71014,72547,74501,76058,77572,3513,3046,3000,2589,2603,2695,0
92,280000,2,1,2,39,-1,-1,-1,0,0,-2,7524,0,3968,3868,0,0,0,3968,0,0,0,0,0
10778,510000,2,1,1,37,-1,-1,-1,-1,-1,-1,386,733,739,1939,739,2739,763,739,1939,739,2739,1110,0
8048,260000,2,1,1,40,-2,-2,-2,-2,-2,-2,2095,781,3985,942,-18,3739,785,4004,946,0,3757,6119,0
1031,400000,2,1,1,40,-1,-1,-1,0,0,-1,1107,3891,120338,8318,8488,130,3891,120407,0,170,130,8595,0
1589,450000,2,2,2,36,-1,-1,-1,-1,-1,-1,13500,6350,11670,1530,1232,201,6364,11728,1532,1234,201,3,0
27561,50000,1,3,2,57,-1,-1,-1,-1,-1,-1,390,1726,390,390,390,390,1726,390,390,390,390,540,0
3135,180000,2,1,2,28,0,0,0,0,0,-1,12595,18704,24410,29184,7325,326,7000,7000,7000,5000,326,7276,0
27815,360000,2,2,1,26,-1,-1,-1,-1,0,-1,4183,6469,465,4251,1668,2284,6501,467,5452,41,2286,3656,0
25848,320000,2,4,3,32,-1,-1,-1,-1,0,0,1145,4133,2488,21222,15115,27279,4135,2488,21238,5000,15000,545,0
4822,360000,2,2,2,43,-2,-2,-2,-2,-2,-2,0,0,0,0,0,0,0,0,0,0,0,84216,0
409,320000,2,1,2,27,0,0,0,0,0,0,55607,62893,59001,61565,59508,66541,11404,8232,10450,9697,16477,11341,0
14302,50000,1,3,3,58,0,0,0,0,0,0,46199,47179,47445,17945,18165,18557,2023,1289,789,659,694,623,0
6085,10000,1,1,2,23,2,2,3,3,3,3,1050,1050,1050,1050,1050,1050,0,0,0,0,0,0,1
24561,370000,1,1,1,41,1,-2,-2,-2,-2,-2,0,0,0,0,0,0,0,0,0,0,0,0,0
19234,30000,2,5,2,45,2,0,0,0,0,0,29278,30488,30900,30480,31124,29333,2000,1600,1500,1100,1053,1320,1
7651,200000,1,3,2,36,-2,-2,-2,-2,-2,-2,45810,0,0,0,0,0,0,0,0,0,0,40714,1
20910,90000,1,1,1,37,0,0,0,0,0,0,51438,40028,38704,37135,35141,33502,1950,2000,1800,1150,1200,1150,0
15504,210000,1,3,1,47,-2,-2,-2,-2,-2,-2,6460,3623,10325,8751,11920,8967,3623,10362,8751,11920,8967,7416,1
6230,260000,2,1,2,29,-1,-1,-2,-1,-1,-1,470,0,0,550,880,1287,0,0,550,880,1287,925,1
21618,130000,2,2,1,23,-1,-1,-1,-1,-1,-1,579,1186,0,497,0,186,1186,0,497,0,186,0,1
23057,160000,2,1,2,29,0,0,0,0,0,2,157067,155760,153047,122831,124794,116746,5708,7424,4251,6010,5000,4000,1
3285,60000,2,2,2,21,0,0,0,0,0,0,40969,32724,24975,25475,26010,26183,1859,1410,910,939,1000,1000,0
21330,170000,1,2,1,64,-1,-1,-1,-1,0,-1,1922,1788,1,2739,1158,685,1788,9,3897,0,685,0,0
